<?xml version="1.0" encoding="US-ASCII"?>
<linkbase xmlns="http://www.xbrl.org/2003/linkbase"
xmlns:xlink="http://www.w3.org/1999/xlink"
xmlns:xsi="http://www.w3.org/2001/XMLSchema-instance" xsi:schemaLocation="http://www.xbrl.org/2003/linkbase http://www.xbrl.org/2003/xbrl-linkbase-2003-12-31.xsd">
<roleRef roleURI="http://www.xbrl.org/2009/role/negatedLabel" xlink:type="simple" xlink:href="http://www.xbrl.org/lrr/role/negated-2009-12-16.xsd#negatedLabel" />
<roleRef roleURI="http://www.xbrl.org/2009/role/negatedTotalLabel" xlink:type="simple" xlink:href="http://www.xbrl.org/lrr/role/negated-2009-12-16.xsd#negatedTotalLabel" />
<labelLink xlink:type="extended" xlink:role="http://www.xbrl.org/2003/role/link">
<loc xlink:type="locator" xlink:href="http://xbrl.sec.gov/dei/2014/dei-2014-01-31.xsd#dei_AmendmentFlag" xlink:label="dei_AmendmentFlag" />
<label id="id_2829937_921947_1_1" xml:lang="en-US" xlink:type="resource" xlink:label="dei_AmendmentFlag_lbl" xlink:role="http://www.xbrl.org/2003/role/label">Amendment Flag</label>
<labelArc xlink:type="arc" xlink:arcrole="http://www.xbrl.org/2003/arcrole/concept-label" xlink:from="dei_AmendmentFlag" xlink:to="dei_AmendmentFlag_lbl" />
<label id="id_2829937_921947_2_1" xml:lang="en-US" xlink:type="resource" xlink:label="dei_AmendmentFlag_lbl" xlink:role="http://www.xbrl.org/2003/role/terseLabel">Amendment Flag</label>
<loc xlink:type="locator" xlink:href="http://xbrl.sec.gov/dei/2014/dei-2014-01-31.xsd#dei_CurrentFiscalYearEndDate" xlink:label="dei_CurrentFiscalYearEndDate" />
<label id="id_2829937_922004_1_1" xml:lang="en-US" xlink:type="resource" xlink:label="dei_CurrentFiscalYearEndDate_lbl" xlink:role="http://www.xbrl.org/2003/role/label">Current Fiscal Year End Date</label>
<labelArc xlink:type="arc" xlink:arcrole="http://www.xbrl.org/2003/arcrole/concept-label" xlink:from="dei_CurrentFiscalYearEndDate" xlink:to="dei_CurrentFiscalYearEndDate_lbl" />
<label id="id_2829937_922004_2_1" xml:lang="en-US" xlink:type="resource" xlink:label="dei_CurrentFiscalYearEndDate_lbl" xlink:role="http://www.xbrl.org/2003/role/terseLabel">Current Fiscal Year End Date</label>
<loc xlink:type="locator" xlink:href="http://xbrl.sec.gov/dei/2014/dei-2014-01-31.xsd#dei_DocumentFiscalPeriodFocus" xlink:label="dei_DocumentFiscalPeriodFocus" />
<label id="id_2829937_922019_1_1" xml:lang="en-US" xlink:type="resource" xlink:label="dei_DocumentFiscalPeriodFocus_lbl" xlink:role="http://www.xbrl.org/2003/role/label">Document Fiscal Period Focus</label>
<labelArc xlink:type="arc" xlink:arcrole="http://www.xbrl.org/2003/arcrole/concept-label" xlink:from="dei_DocumentFiscalPeriodFocus" xlink:to="dei_DocumentFiscalPeriodFocus_lbl" />
<label id="id_2829937_922019_2_1" xml:lang="en-US" xlink:type="resource" xlink:label="dei_DocumentFiscalPeriodFocus_lbl" xlink:role="http://www.xbrl.org/2003/role/terseLabel">Document Fiscal Period Focus</label>
<loc xlink:type="locator" xlink:href="http://xbrl.sec.gov/dei/2014/dei-2014-01-31.xsd#dei_DocumentFiscalYearFocus" xlink:label="dei_DocumentFiscalYearFocus" />
<label id="id_2829937_921974_1_1" xml:lang="en-US" xlink:type="resource" xlink:label="dei_DocumentFiscalYearFocus_lbl" xlink:role="http://www.xbrl.org/2003/role/label">Document Fiscal Year Focus</label>
<labelArc xlink:type="arc" xlink:arcrole="http://www.xbrl.org/2003/arcrole/concept-label" xlink:from="dei_DocumentFiscalYearFocus" xlink:to="dei_DocumentFiscalYearFocus_lbl" />
<label id="id_2829937_921974_2_1" xml:lang="en-US" xlink:type="resource" xlink:label="dei_DocumentFiscalYearFocus_lbl" xlink:role="http://www.xbrl.org/2003/role/terseLabel">Document Fiscal Year Focus</label>
<loc xlink:type="locator" xlink:href="http://xbrl.sec.gov/dei/2014/dei-2014-01-31.xsd#dei_DocumentPeriodEndDate" xlink:label="dei_DocumentPeriodEndDate" />
<label id="id_2829937_921989_1_1" xml:lang="en-US" xlink:type="resource" xlink:label="dei_DocumentPeriodEndDate_lbl" xlink:role="http://www.xbrl.org/2003/role/label">Document Period End Date</label>
<labelArc xlink:type="arc" xlink:arcrole="http://www.xbrl.org/2003/arcrole/concept-label" xlink:from="dei_DocumentPeriodEndDate" xlink:to="dei_DocumentPeriodEndDate_lbl" />
<label id="id_2829937_921989_2_1" xml:lang="en-US" xlink:type="resource" xlink:label="dei_DocumentPeriodEndDate_lbl" xlink:role="http://www.xbrl.org/2003/role/terseLabel">Document Period End Date</label>
<loc xlink:type="locator" xlink:href="http://xbrl.sec.gov/dei/2014/dei-2014-01-31.xsd#dei_DocumentType" xlink:label="dei_DocumentType" />
<label id="id_2829937_921984_1_1" xml:lang="en-US" xlink:type="resource" xlink:label="dei_DocumentType_lbl" xlink:role="http://www.xbrl.org/2003/role/label">Document Type</label>
<labelArc xlink:type="arc" xlink:arcrole="http://www.xbrl.org/2003/arcrole/concept-label" xlink:from="dei_DocumentType" xlink:to="dei_DocumentType_lbl" />
<label id="id_2829937_921984_2_1" xml:lang="en-US" xlink:type="resource" xlink:label="dei_DocumentType_lbl" xlink:role="http://www.xbrl.org/2003/role/terseLabel">Document Type</label>
<loc xlink:type="locator" xlink:href="http://xbrl.sec.gov/dei/2014/dei-2014-01-31.xsd#dei_EntityCentralIndexKey" xlink:label="dei_EntityCentralIndexKey" />
<label id="id_2829937_921997_1_1" xml:lang="en-US" xlink:type="resource" xlink:label="dei_EntityCentralIndexKey_lbl" xlink:role="http://www.xbrl.org/2003/role/label">Entity Central Index Key</label>
<labelArc xlink:type="arc" xlink:arcrole="http://www.xbrl.org/2003/arcrole/concept-label" xlink:from="dei_EntityCentralIndexKey" xlink:to="dei_EntityCentralIndexKey_lbl" />
<label id="id_2829937_921997_2_1" xml:lang="en-US" xlink:type="resource" xlink:label="dei_EntityCentralIndexKey_lbl" xlink:role="http://www.xbrl.org/2003/role/terseLabel">Entity Central Index Key</label>
<loc xlink:type="locator" xlink:href="http://xbrl.sec.gov/dei/2014/dei-2014-01-31.xsd#dei_EntityCommonStockSharesOutstanding" xlink:label="dei_EntityCommonStockSharesOutstanding" />
<label id="id_2829937_922042_1_1" xml:lang="en-US" xlink:type="resource" xlink:label="dei_EntityCommonStockSharesOutstanding_lbl" xlink:role="http://www.xbrl.org/2003/role/label">Entity Common Stock Shares Outstanding</label>
<labelArc xlink:type="arc" xlink:arcrole="http://www.xbrl.org/2003/arcrole/concept-label" xlink:from="dei_EntityCommonStockSharesOutstanding" xlink:to="dei_EntityCommonStockSharesOutstanding_lbl" />
<label id="id_2829937_922042_2_1" xml:lang="en-US" xlink:type="resource" xlink:label="dei_EntityCommonStockSharesOutstanding_lbl" xlink:role="http://www.xbrl.org/2003/role/terseLabel">Entity Common Stock, Shares Outstanding</label>
<loc xlink:type="locator" xlink:href="http://xbrl.sec.gov/dei/2014/dei-2014-01-31.xsd#dei_EntityFilerCategory" xlink:label="dei_EntityFilerCategory" />
<label id="id_2829937_921955_1_1" xml:lang="en-US" xlink:type="resource" xlink:label="dei_EntityFilerCategory_lbl" xlink:role="http://www.xbrl.org/2003/role/label">Entity Filer Category</label>
<labelArc xlink:type="arc" xlink:arcrole="http://www.xbrl.org/2003/arcrole/concept-label" xlink:from="dei_EntityFilerCategory" xlink:to="dei_EntityFilerCategory_lbl" />
<label id="id_2829937_921955_2_1" xml:lang="en-US" xlink:type="resource" xlink:label="dei_EntityFilerCategory_lbl" xlink:role="http://www.xbrl.org/2003/role/terseLabel">Entity Filer Category</label>
<loc xlink:type="locator" xlink:href="http://xbrl.sec.gov/dei/2014/dei-2014-01-31.xsd#dei_EntityRegistrantName" xlink:label="dei_EntityRegistrantName" />
<label id="id_2829937_921937_1_1" xml:lang="en-US" xlink:type="resource" xlink:label="dei_EntityRegistrantName_lbl" xlink:role="http://www.xbrl.org/2003/role/label">Entity Registrant Name</label>
<labelArc xlink:type="arc" xlink:arcrole="http://www.xbrl.org/2003/arcrole/concept-label" xlink:from="dei_EntityRegistrantName" xlink:to="dei_EntityRegistrantName_lbl" />
<label id="id_2829937_921937_2_1" xml:lang="en-US" xlink:type="resource" xlink:label="dei_EntityRegistrantName_lbl" xlink:role="http://www.xbrl.org/2003/role/terseLabel">Entity Registrant Name</label>
<loc xlink:type="locator" xlink:href="http://xbrl.fasb.org/us-gaap/2016/elts/us-gaap-2016-01-31.xsd#us-gaap_CashAndCashEquivalentsAtCarryingValue" xlink:label="us-gaap_CashAndCashEquivalentsAtCarryingValue" />
<label id="id_2829937_938283_1_1" xml:lang="en-US" xlink:type="resource" xlink:label="us-gaap_CashAndCashEquivalentsAtCarryingValue_lbl" xlink:role="http://www.xbrl.org/2003/role/label">Cash And Cash Equivalents At Carrying Value</label>
<labelArc xlink:type="arc" xlink:arcrole="http://www.xbrl.org/2003/arcrole/concept-label" xlink:from="us-gaap_CashAndCashEquivalentsAtCarryingValue" xlink:to="us-gaap_CashAndCashEquivalentsAtCarryingValue_lbl" />
<label id="id_2829937_938283_4_1" xml:lang="en-US" xlink:type="resource" xlink:label="us-gaap_CashAndCashEquivalentsAtCarryingValue_lbl" xlink:role="http://www.xbrl.org/2003/role/periodEndLabel">CASH AND CASH EQUIVALENTS AT END OF PERIOD</label>
<label id="id_2829937_938283_5_1" xml:lang="en-US" xlink:type="resource" xlink:label="us-gaap_CashAndCashEquivalentsAtCarryingValue_lbl" xlink:role="http://www.xbrl.org/2003/role/periodStartLabel">CASH AND CASH EQUIVALENTS AT BEGINNING OF PERIOD</label>
<label id="id_2829937_938283_2_1" xml:lang="en-US" xlink:type="resource" xlink:label="us-gaap_CashAndCashEquivalentsAtCarryingValue_lbl" xlink:role="http://www.xbrl.org/2003/role/terseLabel">Cash and equivalents</label>
<loc xlink:type="locator" xlink:href="http://xbrl.fasb.org/us-gaap/2016/elts/us-gaap-2016-01-31.xsd#us-gaap_AccountsNotesAndLoansReceivableNetCurrent" xlink:label="us-gaap_AccountsNotesAndLoansReceivableNetCurrent" />
<label id="id_2829937_938324_1_1" xml:lang="en-US" xlink:type="resource" xlink:label="us-gaap_AccountsNotesAndLoansReceivableNetCurrent_lbl" xlink:role="http://www.xbrl.org/2003/role/label">Accounts Notes And Loans Receivable Net Current</label>
<labelArc xlink:type="arc" xlink:arcrole="http://www.xbrl.org/2003/arcrole/concept-label" xlink:from="us-gaap_AccountsNotesAndLoansReceivableNetCurrent" xlink:to="us-gaap_AccountsNotesAndLoansReceivableNetCurrent_lbl" />
<label id="id_2829937_938324_2_1" xml:lang="en-US" xlink:type="resource" xlink:label="us-gaap_AccountsNotesAndLoansReceivableNetCurrent_lbl" xlink:role="http://www.xbrl.org/2003/role/terseLabel">Accounts receivable, less allowance for doubtful accounts (2016 - $30,676; 2015 - $19,180)</label>
<loc xlink:type="locator" xlink:href="http://xbrl.fasb.org/us-gaap/2016/elts/us-gaap-2016-01-31.xsd#us-gaap_AirlineRelatedInventory" xlink:label="us-gaap_AirlineRelatedInventory" />
<label id="id_2829937_938714_1_1" xml:lang="en-US" xlink:type="resource" xlink:label="us-gaap_AirlineRelatedInventory_lbl" xlink:role="http://www.xbrl.org/2003/role/label">Airline Related Inventory, Gross</label>
<labelArc xlink:type="arc" xlink:arcrole="http://www.xbrl.org/2003/arcrole/concept-label" xlink:from="us-gaap_AirlineRelatedInventory" xlink:to="us-gaap_AirlineRelatedInventory_lbl" />
<label id="id_2829937_938714_2_1" xml:lang="en-US" xlink:type="resource" xlink:label="us-gaap_AirlineRelatedInventory_lbl" xlink:role="http://www.xbrl.org/2003/role/terseLabel">Inventories of parts and supplies, at cost</label>
<loc xlink:type="locator" xlink:href="http://xbrl.fasb.org/us-gaap/2016/elts/us-gaap-2016-01-31.xsd#us-gaap_PrepaidExpenseAndOtherAssetsCurrent" xlink:label="us-gaap_PrepaidExpenseAndOtherAssetsCurrent" />
<label id="id_2829937_939595_1_1" xml:lang="en-US" xlink:type="resource" xlink:label="us-gaap_PrepaidExpenseAndOtherAssetsCurrent_lbl" xlink:role="http://www.xbrl.org/2003/role/label">Prepaid Expense And Other Assets Current</label>
<labelArc xlink:type="arc" xlink:arcrole="http://www.xbrl.org/2003/arcrole/concept-label" xlink:from="us-gaap_PrepaidExpenseAndOtherAssetsCurrent" xlink:to="us-gaap_PrepaidExpenseAndOtherAssetsCurrent_lbl" />
<label id="id_2829937_939595_2_1" xml:lang="en-US" xlink:type="resource" xlink:label="us-gaap_PrepaidExpenseAndOtherAssetsCurrent_lbl" xlink:role="http://www.xbrl.org/2003/role/terseLabel">Prepaid expenses and other current assets</label>
<loc xlink:type="locator" xlink:href="http://xbrl.fasb.org/us-gaap/2016/elts/us-gaap-2016-01-31.xsd#us-gaap_AssetsCurrent" xlink:label="us-gaap_AssetsCurrent" />
<label id="id_2829937_937150_1_1" xml:lang="en-US" xlink:type="resource" xlink:label="us-gaap_AssetsCurrent_lbl" xlink:role="http://www.xbrl.org/2003/role/label">Assets Current</label>
<labelArc xlink:type="arc" xlink:arcrole="http://www.xbrl.org/2003/arcrole/concept-label" xlink:from="us-gaap_AssetsCurrent" xlink:to="us-gaap_AssetsCurrent_lbl" />
<label id="id_2829937_937150_6_1" xml:lang="en-US" xlink:type="resource" xlink:label="us-gaap_AssetsCurrent_lbl" xlink:role="http://www.xbrl.org/2003/role/totalLabel">TOTAL CURRENT ASSETS</label>
<loc xlink:type="locator" xlink:href="http://xbrl.fasb.org/us-gaap/2016/elts/us-gaap-2016-01-31.xsd#us-gaap_AssetsCurrentAbstract" xlink:label="us-gaap_AssetsCurrentAbstract" />
<label id="id_2829937_926145_1_1" xml:lang="en-US" xlink:type="resource" xlink:label="us-gaap_AssetsCurrentAbstract_lbl" xlink:role="http://www.xbrl.org/2003/role/label">Assets Current [Abstract]</label>
<labelArc xlink:type="arc" xlink:arcrole="http://www.xbrl.org/2003/arcrole/concept-label" xlink:from="us-gaap_AssetsCurrentAbstract" xlink:to="us-gaap_AssetsCurrentAbstract_lbl" />
<label id="id_2829937_926145_2_1" xml:lang="en-US" xlink:type="resource" xlink:label="us-gaap_AssetsCurrentAbstract_lbl" xlink:role="http://www.xbrl.org/2003/role/terseLabel">CURRENT ASSETS</label>
<loc xlink:type="locator" xlink:href="bst-20160930.xsd#bst_GoodwillAndIntangibleAssetsLessAccumulatedAmortization" xlink:label="bst_GoodwillAndIntangibleAssetsLessAccumulatedAmortization" />
<labelArc xlink:type="arc" xlink:arcrole="http://www.xbrl.org/2003/arcrole/concept-label" xlink:from="bst_GoodwillAndIntangibleAssetsLessAccumulatedAmortization" xlink:to="bst_GoodwillAndIntangibleAssetsLessAccumulatedAmortization_lbl" />
<label id="id_2829937_1044866_1_1" xml:lang="en-US" xlink:type="resource" xlink:label="bst_GoodwillAndIntangibleAssetsLessAccumulatedAmortization_lbl" xlink:role="http://www.xbrl.org/2003/role/label">Goodwill And Intangible Assets Less Accumulated Amortization</label>
<label id="id_2829937_1044866_3_1" xml:lang="en-US" xlink:type="resource" xlink:label="bst_GoodwillAndIntangibleAssetsLessAccumulatedAmortization_lbl" xlink:role="http://www.xbrl.org/2003/role/documentation">Goodwill and intangible assets, less accumulated amortization.</label>
<label id="id_2829937_1044866_2_1" xml:lang="en-US" xlink:type="resource" xlink:label="bst_GoodwillAndIntangibleAssetsLessAccumulatedAmortization_lbl" xlink:role="http://www.xbrl.org/2003/role/terseLabel">Goodwill and other intangibles, less accumulated amortization</label>
<loc xlink:type="locator" xlink:href="http://xbrl.fasb.org/us-gaap/2016/elts/us-gaap-2016-01-31.xsd#us-gaap_DeferredTaxAssetsNetNoncurrent" xlink:label="us-gaap_DeferredTaxAssetsNetNoncurrent" />
<label id="id_2829937_938169_1_1" xml:lang="en-US" xlink:type="resource" xlink:label="us-gaap_DeferredTaxAssetsNetNoncurrent_lbl" xlink:role="http://www.xbrl.org/2003/role/label">Deferred Tax Assets Net Noncurrent</label>
<labelArc xlink:type="arc" xlink:arcrole="http://www.xbrl.org/2003/arcrole/concept-label" xlink:from="us-gaap_DeferredTaxAssetsNetNoncurrent" xlink:to="us-gaap_DeferredTaxAssetsNetNoncurrent_lbl" />
<label id="id_2829937_938169_2_1" xml:lang="en-US" xlink:type="resource" xlink:label="us-gaap_DeferredTaxAssetsNetNoncurrent_lbl" xlink:role="http://www.xbrl.org/2003/role/terseLabel">Deferred tax assets</label>
<loc xlink:type="locator" xlink:href="http://xbrl.fasb.org/us-gaap/2016/elts/us-gaap-2016-01-31.xsd#us-gaap_OtherAssetsNoncurrent" xlink:label="us-gaap_OtherAssetsNoncurrent" />
<label id="id_2829937_937594_1_1" xml:lang="en-US" xlink:type="resource" xlink:label="us-gaap_OtherAssetsNoncurrent_lbl" xlink:role="http://www.xbrl.org/2003/role/label">Other Assets Noncurrent</label>
<labelArc xlink:type="arc" xlink:arcrole="http://www.xbrl.org/2003/arcrole/concept-label" xlink:from="us-gaap_OtherAssetsNoncurrent" xlink:to="us-gaap_OtherAssetsNoncurrent_lbl" />
<label id="id_2829937_937594_2_1" xml:lang="en-US" xlink:type="resource" xlink:label="us-gaap_OtherAssetsNoncurrent_lbl" xlink:role="http://www.xbrl.org/2003/role/terseLabel">Other assets</label>
<loc xlink:type="locator" xlink:href="http://xbrl.fasb.org/us-gaap/2016/elts/us-gaap-2016-01-31.xsd#us-gaap_PropertyPlantAndEquipmentNet" xlink:label="us-gaap_PropertyPlantAndEquipmentNet" />
<label id="id_2829937_940861_1_1" xml:lang="en-US" xlink:type="resource" xlink:label="us-gaap_PropertyPlantAndEquipmentNet_lbl" xlink:role="http://www.xbrl.org/2003/role/label">Property Plant And Equipment Net</label>
<labelArc xlink:type="arc" xlink:arcrole="http://www.xbrl.org/2003/arcrole/concept-label" xlink:from="us-gaap_PropertyPlantAndEquipmentNet" xlink:to="us-gaap_PropertyPlantAndEquipmentNet_lbl" />
<label id="id_2829937_940861_2_1" xml:lang="en-US" xlink:type="resource" xlink:label="us-gaap_PropertyPlantAndEquipmentNet_lbl" xlink:role="http://www.xbrl.org/2003/role/terseLabel">Property, plant and equipment, less allowance for depreciation (2016 - $733,383; 2015 - $683,676)</label>
<loc xlink:type="locator" xlink:href="http://xbrl.fasb.org/us-gaap/2016/elts/us-gaap-2016-01-31.xsd#us-gaap_AccumulatedDepreciationDepletionAndAmortizationPropertyPlantAndEquipment" xlink:label="us-gaap_AccumulatedDepreciationDepletionAndAmortizationPropertyPlantAndEquipment" />
<label id="id_2829937_933479_1_1" xml:lang="en-US" xlink:type="resource" xlink:label="us-gaap_AccumulatedDepreciationDepletionAndAmortizationPropertyPlantAndEquipment_lbl" xlink:role="http://www.xbrl.org/2003/role/label">Accumulated Depreciation Depletion And Amortization Property Plant And Equipment</label>
<labelArc xlink:type="arc" xlink:arcrole="http://www.xbrl.org/2003/arcrole/concept-label" xlink:from="us-gaap_AccumulatedDepreciationDepletionAndAmortizationPropertyPlantAndEquipment" xlink:to="us-gaap_AccumulatedDepreciationDepletionAndAmortizationPropertyPlantAndEquipment_lbl" />
<label id="id_2829937_933479_2_1" xml:lang="en-US" xlink:type="resource" xlink:label="us-gaap_AccumulatedDepreciationDepletionAndAmortizationPropertyPlantAndEquipment_lbl" xlink:role="http://www.xbrl.org/2003/role/terseLabel">Allowance for depreciation, property, plant and equipment</label>
<loc xlink:type="locator" xlink:href="http://xbrl.fasb.org/us-gaap/2016/elts/us-gaap-2016-01-31.xsd#us-gaap_Assets" xlink:label="us-gaap_Assets" />
<label id="id_2829937_938186_1_1" xml:lang="en-US" xlink:type="resource" xlink:label="us-gaap_Assets_lbl" xlink:role="http://www.xbrl.org/2003/role/label">Assets</label>
<labelArc xlink:type="arc" xlink:arcrole="http://www.xbrl.org/2003/arcrole/concept-label" xlink:from="us-gaap_Assets" xlink:to="us-gaap_Assets_lbl" />
<label id="id_2829937_938186_6_1" xml:lang="en-US" xlink:type="resource" xlink:label="us-gaap_Assets_lbl" xlink:role="http://www.xbrl.org/2003/role/totalLabel">TOTAL ASSETS</label>
<loc xlink:type="locator" xlink:href="http://xbrl.fasb.org/us-gaap/2016/elts/us-gaap-2016-01-31.xsd#us-gaap_AccountsPayableCurrent" xlink:label="us-gaap_AccountsPayableCurrent" />
<label id="id_2829937_933775_1_1" xml:lang="en-US" xlink:type="resource" xlink:label="us-gaap_AccountsPayableCurrent_lbl" xlink:role="http://www.xbrl.org/2003/role/label">Accounts Payable Current</label>
<labelArc xlink:type="arc" xlink:arcrole="http://www.xbrl.org/2003/arcrole/concept-label" xlink:from="us-gaap_AccountsPayableCurrent" xlink:to="us-gaap_AccountsPayableCurrent_lbl" />
<label id="id_2829937_933775_2_1" xml:lang="en-US" xlink:type="resource" xlink:label="us-gaap_AccountsPayableCurrent_lbl" xlink:role="http://www.xbrl.org/2003/role/terseLabel">Accounts payable</label>
<loc xlink:type="locator" xlink:href="http://xbrl.fasb.org/us-gaap/2016/elts/us-gaap-2016-01-31.xsd#us-gaap_SeniorNotesCurrent" xlink:label="us-gaap_SeniorNotesCurrent" />
<label id="id_2829937_934609_1_1" xml:lang="en-US" xlink:type="resource" xlink:label="us-gaap_SeniorNotesCurrent_lbl" xlink:role="http://www.xbrl.org/2003/role/label">Senior Notes Current</label>
<labelArc xlink:type="arc" xlink:arcrole="http://www.xbrl.org/2003/arcrole/concept-label" xlink:from="us-gaap_SeniorNotesCurrent" xlink:to="us-gaap_SeniorNotesCurrent_lbl" />
<label id="id_2829937_934609_2_1" xml:lang="en-US" xlink:type="resource" xlink:label="us-gaap_SeniorNotesCurrent_lbl" xlink:role="http://www.xbrl.org/2003/role/terseLabel">Current portion of long-term debt</label>
<loc xlink:type="locator" xlink:href="http://xbrl.fasb.org/us-gaap/2016/elts/us-gaap-2016-01-31.xsd#us-gaap_AccruedIncomeTaxesCurrent" xlink:label="us-gaap_AccruedIncomeTaxesCurrent" />
<labelArc xlink:type="arc" xlink:arcrole="http://www.xbrl.org/2003/arcrole/concept-label" xlink:from="us-gaap_AccruedIncomeTaxesCurrent" xlink:to="us-gaap_AccruedIncomeTaxesCurrent_lbl" />
<label id="id_2829937_935891_1_1" xml:lang="en-US" xlink:type="resource" xlink:label="us-gaap_AccruedIncomeTaxesCurrent_lbl" xlink:role="http://www.xbrl.org/2003/role/label">Accrued Income Taxes Current</label>
<label id="id_2829937_935891_2_1" xml:lang="en-US" xlink:type="resource" xlink:label="us-gaap_AccruedIncomeTaxesCurrent_lbl" xlink:role="http://www.xbrl.org/2003/role/terseLabel">Income taxes payable</label>
<loc xlink:type="locator" xlink:href="http://xbrl.fasb.org/us-gaap/2016/elts/us-gaap-2016-01-31.xsd#us-gaap_DividendsPayableCurrent" xlink:label="us-gaap_DividendsPayableCurrent" />
<label id="id_2829937_933455_1_1" xml:lang="en-US" xlink:type="resource" xlink:label="us-gaap_DividendsPayableCurrent_lbl" xlink:role="http://www.xbrl.org/2003/role/label">Dividends Payable Current</label>
<labelArc xlink:type="arc" xlink:arcrole="http://www.xbrl.org/2003/arcrole/concept-label" xlink:from="us-gaap_DividendsPayableCurrent" xlink:to="us-gaap_DividendsPayableCurrent_lbl" />
<label id="id_2829937_933455_2_1" xml:lang="en-US" xlink:type="resource" xlink:label="us-gaap_DividendsPayableCurrent_lbl" xlink:role="http://www.xbrl.org/2003/role/terseLabel">Dividends payable</label>
<loc xlink:type="locator" xlink:href="http://xbrl.fasb.org/us-gaap/2016/elts/us-gaap-2016-01-31.xsd#us-gaap_LiabilitiesCurrent" xlink:label="us-gaap_LiabilitiesCurrent" />
<label id="id_2829937_934201_1_1" xml:lang="en-US" xlink:type="resource" xlink:label="us-gaap_LiabilitiesCurrent_lbl" xlink:role="http://www.xbrl.org/2003/role/label">Liabilities Current</label>
<labelArc xlink:type="arc" xlink:arcrole="http://www.xbrl.org/2003/arcrole/concept-label" xlink:from="us-gaap_LiabilitiesCurrent" xlink:to="us-gaap_LiabilitiesCurrent_lbl" />
<label id="id_2829937_934201_6_1" xml:lang="en-US" xlink:type="resource" xlink:label="us-gaap_LiabilitiesCurrent_lbl" xlink:role="http://www.xbrl.org/2003/role/totalLabel">TOTAL CURRENT LIABILITIES</label>
<loc xlink:type="locator" xlink:href="http://xbrl.fasb.org/us-gaap/2016/elts/us-gaap-2016-01-31.xsd#us-gaap_LiabilitiesCurrentAbstract" xlink:label="us-gaap_LiabilitiesCurrentAbstract" />
<label id="id_2829937_929787_1_1" xml:lang="en-US" xlink:type="resource" xlink:label="us-gaap_LiabilitiesCurrentAbstract_lbl" xlink:role="http://www.xbrl.org/2003/role/label">Liabilities Current [Abstract]</label>
<labelArc xlink:type="arc" xlink:arcrole="http://www.xbrl.org/2003/arcrole/concept-label" xlink:from="us-gaap_LiabilitiesCurrentAbstract" xlink:to="us-gaap_LiabilitiesCurrentAbstract_lbl" />
<label id="id_2829937_929787_2_1" xml:lang="en-US" xlink:type="resource" xlink:label="us-gaap_LiabilitiesCurrentAbstract_lbl" xlink:role="http://www.xbrl.org/2003/role/terseLabel">CURRENT LIABILITIES</label>
<loc xlink:type="locator" xlink:href="http://xbrl.fasb.org/us-gaap/2016/elts/us-gaap-2016-01-31.xsd#us-gaap_SeniorLongTermNotes" xlink:label="us-gaap_SeniorLongTermNotes" />
<label id="id_2829937_934431_1_1" xml:lang="en-US" xlink:type="resource" xlink:label="us-gaap_SeniorLongTermNotes_lbl" xlink:role="http://www.xbrl.org/2003/role/label">Senior Long Term Notes</label>
<labelArc xlink:type="arc" xlink:arcrole="http://www.xbrl.org/2003/arcrole/concept-label" xlink:from="us-gaap_SeniorLongTermNotes" xlink:to="us-gaap_SeniorLongTermNotes_lbl" />
<label id="id_2829937_934431_2_1" xml:lang="en-US" xlink:type="resource" xlink:label="us-gaap_SeniorLongTermNotes_lbl" xlink:role="http://www.xbrl.org/2003/role/terseLabel">Long-term debt</label>
<loc xlink:type="locator" xlink:href="http://xbrl.fasb.org/us-gaap/2016/elts/us-gaap-2016-01-31.xsd#us-gaap_PensionAndOtherPostretirementDefinedBenefitPlansLiabilitiesNoncurrent" xlink:label="us-gaap_PensionAndOtherPostretirementDefinedBenefitPlansLiabilitiesNoncurrent" />
<label id="id_2829937_936344_1_1" xml:lang="en-US" xlink:type="resource" xlink:label="us-gaap_PensionAndOtherPostretirementDefinedBenefitPlansLiabilitiesNoncurrent_lbl" xlink:role="http://www.xbrl.org/2003/role/label">Pension And Other Postretirement Defined Benefit Plans Liabilities Noncurrent</label>
<labelArc xlink:type="arc" xlink:arcrole="http://www.xbrl.org/2003/arcrole/concept-label" xlink:from="us-gaap_PensionAndOtherPostretirementDefinedBenefitPlansLiabilitiesNoncurrent" xlink:to="us-gaap_PensionAndOtherPostretirementDefinedBenefitPlansLiabilitiesNoncurrent_lbl" />
<label id="id_2829937_936344_2_1" xml:lang="en-US" xlink:type="resource" xlink:label="us-gaap_PensionAndOtherPostretirementDefinedBenefitPlansLiabilitiesNoncurrent_lbl" xlink:role="http://www.xbrl.org/2003/role/terseLabel">Pension and other post-retirement benefit liabilities</label>
<loc xlink:type="locator" xlink:href="http://xbrl.fasb.org/us-gaap/2016/elts/us-gaap-2016-01-31.xsd#us-gaap_DeferredTaxLiabilitiesGrossNoncurrent" xlink:label="us-gaap_DeferredTaxLiabilitiesGrossNoncurrent" />
<label id="id_2829937_935388_1_1" xml:lang="en-US" xlink:type="resource" xlink:label="us-gaap_DeferredTaxLiabilitiesGrossNoncurrent_lbl" xlink:role="http://www.xbrl.org/2003/role/label">Deferred Tax Liabilities Gross Noncurrent</label>
<labelArc xlink:type="arc" xlink:arcrole="http://www.xbrl.org/2003/arcrole/concept-label" xlink:from="us-gaap_DeferredTaxLiabilitiesGrossNoncurrent" xlink:to="us-gaap_DeferredTaxLiabilitiesGrossNoncurrent_lbl" />
<label id="id_2829937_935388_2_1" xml:lang="en-US" xlink:type="resource" xlink:label="us-gaap_DeferredTaxLiabilitiesGrossNoncurrent_lbl" xlink:role="http://www.xbrl.org/2003/role/terseLabel">Deferred tax liabilities</label>
<loc xlink:type="locator" xlink:href="http://xbrl.fasb.org/us-gaap/2016/elts/us-gaap-2016-01-31.xsd#us-gaap_OtherLiabilitiesNoncurrent" xlink:label="us-gaap_OtherLiabilitiesNoncurrent" />
<label id="id_2829937_934563_1_1" xml:lang="en-US" xlink:type="resource" xlink:label="us-gaap_OtherLiabilitiesNoncurrent_lbl" xlink:role="http://www.xbrl.org/2003/role/label">Other Liabilities Noncurrent</label>
<labelArc xlink:type="arc" xlink:arcrole="http://www.xbrl.org/2003/arcrole/concept-label" xlink:from="us-gaap_OtherLiabilitiesNoncurrent" xlink:to="us-gaap_OtherLiabilitiesNoncurrent_lbl" />
<label id="id_2829937_934563_2_1" xml:lang="en-US" xlink:type="resource" xlink:label="us-gaap_OtherLiabilitiesNoncurrent_lbl" xlink:role="http://www.xbrl.org/2003/role/terseLabel">Other long-term liabilities</label>
<loc xlink:type="locator" xlink:href="http://xbrl.fasb.org/us-gaap/2016/elts/us-gaap-2016-01-31.xsd#us-gaap_PreferredStockParOrStatedValuePerShare" xlink:label="us-gaap_PreferredStockParOrStatedValuePerShare" />
<label id="id_2829937_932596_1_1" xml:lang="en-US" xlink:type="resource" xlink:label="us-gaap_PreferredStockParOrStatedValuePerShare_lbl" xlink:role="http://www.xbrl.org/2003/role/label">Preferred Stock Par Or Stated Value Per Share</label>
<labelArc xlink:type="arc" xlink:arcrole="http://www.xbrl.org/2003/arcrole/concept-label" xlink:from="us-gaap_PreferredStockParOrStatedValuePerShare" xlink:to="us-gaap_PreferredStockParOrStatedValuePerShare_lbl" />
<label id="id_2829937_932596_2_1" xml:lang="en-US" xlink:type="resource" xlink:label="us-gaap_PreferredStockParOrStatedValuePerShare_lbl" xlink:role="http://www.xbrl.org/2003/role/terseLabel">Preferred stock, par value</label>
<loc xlink:type="locator" xlink:href="http://xbrl.fasb.org/us-gaap/2016/elts/us-gaap-2016-01-31.xsd#us-gaap_PreferredStockSharesAuthorized" xlink:label="us-gaap_PreferredStockSharesAuthorized" />
<label id="id_2829937_929540_1_1" xml:lang="en-US" xlink:type="resource" xlink:label="us-gaap_PreferredStockSharesAuthorized_lbl" xlink:role="http://www.xbrl.org/2003/role/label">Preferred Stock Shares Authorized</label>
<labelArc xlink:type="arc" xlink:arcrole="http://www.xbrl.org/2003/arcrole/concept-label" xlink:from="us-gaap_PreferredStockSharesAuthorized" xlink:to="us-gaap_PreferredStockSharesAuthorized_lbl" />
<label id="id_2829937_929540_2_1" xml:lang="en-US" xlink:type="resource" xlink:label="us-gaap_PreferredStockSharesAuthorized_lbl" xlink:role="http://www.xbrl.org/2003/role/terseLabel">Preferred stock, shares authorized</label>
<loc xlink:type="locator" xlink:href="http://xbrl.fasb.org/us-gaap/2016/elts/us-gaap-2016-01-31.xsd#us-gaap_CommonStockParOrStatedValuePerShare" xlink:label="us-gaap_CommonStockParOrStatedValuePerShare" />
<label id="id_2829937_931741_1_1" xml:lang="en-US" xlink:type="resource" xlink:label="us-gaap_CommonStockParOrStatedValuePerShare_lbl" xlink:role="http://www.xbrl.org/2003/role/label">Common Stock Par Or Stated Value Per Share</label>
<labelArc xlink:type="arc" xlink:arcrole="http://www.xbrl.org/2003/arcrole/concept-label" xlink:from="us-gaap_CommonStockParOrStatedValuePerShare" xlink:to="us-gaap_CommonStockParOrStatedValuePerShare_lbl" />
<label id="id_2829937_931741_2_1" xml:lang="en-US" xlink:type="resource" xlink:label="us-gaap_CommonStockParOrStatedValuePerShare_lbl" xlink:role="http://www.xbrl.org/2003/role/terseLabel">Common stock, par value</label>
<loc xlink:type="locator" xlink:href="http://xbrl.fasb.org/us-gaap/2016/elts/us-gaap-2016-01-31.xsd#us-gaap_CommonStockSharesAuthorized" xlink:label="us-gaap_CommonStockSharesAuthorized" />
<label id="id_2829937_930676_1_1" xml:lang="en-US" xlink:type="resource" xlink:label="us-gaap_CommonStockSharesAuthorized_lbl" xlink:role="http://www.xbrl.org/2003/role/label">Common Stock Shares Authorized</label>
<labelArc xlink:type="arc" xlink:arcrole="http://www.xbrl.org/2003/arcrole/concept-label" xlink:from="us-gaap_CommonStockSharesAuthorized" xlink:to="us-gaap_CommonStockSharesAuthorized_lbl" />
<label id="id_2829937_930676_2_1" xml:lang="en-US" xlink:type="resource" xlink:label="us-gaap_CommonStockSharesAuthorized_lbl" xlink:role="http://www.xbrl.org/2003/role/terseLabel">Common stock, shares authorized</label>
<loc xlink:type="locator" xlink:href="http://xbrl.fasb.org/us-gaap/2016/elts/us-gaap-2016-01-31.xsd#us-gaap_CommonStockSharesIssued" xlink:label="us-gaap_CommonStockSharesIssued" />
<label id="id_2829937_925763_1_1" xml:lang="en-US" xlink:type="resource" xlink:label="us-gaap_CommonStockSharesIssued_lbl" xlink:role="http://www.xbrl.org/2003/role/label">Common Stock Shares Issued</label>
<labelArc xlink:type="arc" xlink:arcrole="http://www.xbrl.org/2003/arcrole/concept-label" xlink:from="us-gaap_CommonStockSharesIssued" xlink:to="us-gaap_CommonStockSharesIssued_lbl" />
<label id="id_2829937_925763_2_1" xml:lang="en-US" xlink:type="resource" xlink:label="us-gaap_CommonStockSharesIssued_lbl" xlink:role="http://www.xbrl.org/2003/role/terseLabel">Common stock, shares issued</label>
<loc xlink:type="locator" xlink:href="http://xbrl.fasb.org/us-gaap/2016/elts/us-gaap-2016-01-31.xsd#us-gaap_PreferredStockValue" xlink:label="us-gaap_PreferredStockValue" />
<label id="id_2829937_933055_1_1" xml:lang="en-US" xlink:type="resource" xlink:label="us-gaap_PreferredStockValue_lbl" xlink:role="http://www.xbrl.org/2003/role/label">Preferred Stock Value</label>
<labelArc xlink:type="arc" xlink:arcrole="http://www.xbrl.org/2003/arcrole/concept-label" xlink:from="us-gaap_PreferredStockValue" xlink:to="us-gaap_PreferredStockValue_lbl" />
<label id="id_2829937_933055_2_1" xml:lang="en-US" xlink:type="resource" xlink:label="us-gaap_PreferredStockValue_lbl" xlink:role="http://www.xbrl.org/2003/role/terseLabel">Preferred stock, par value-$1 per share Authorized-9,000,000 shares - None issued</label>
<loc xlink:type="locator" xlink:href="http://xbrl.fasb.org/us-gaap/2016/elts/us-gaap-2016-01-31.xsd#us-gaap_CommonStockValue" xlink:label="us-gaap_CommonStockValue" />
<label id="id_2829937_935685_1_1" xml:lang="en-US" xlink:type="resource" xlink:label="us-gaap_CommonStockValue_lbl" xlink:role="http://www.xbrl.org/2003/role/label">Common Stock Value</label>
<labelArc xlink:type="arc" xlink:arcrole="http://www.xbrl.org/2003/arcrole/concept-label" xlink:from="us-gaap_CommonStockValue" xlink:to="us-gaap_CommonStockValue_lbl" />
<label id="id_2829937_935685_2_1" xml:lang="en-US" xlink:type="resource" xlink:label="us-gaap_CommonStockValue_lbl" xlink:role="http://www.xbrl.org/2003/role/terseLabel">Common stock, par value-$1 per share Authorized - 405,000,000 shares Issued - 2016 - 138,921,478; 2015 - 139,357,294</label>
<loc xlink:type="locator" xlink:href="http://xbrl.fasb.org/us-gaap/2016/elts/us-gaap-2016-01-31.xsd#us-gaap_RetainedEarningsAccumulatedDeficit" xlink:label="us-gaap_RetainedEarningsAccumulatedDeficit" />
<label id="id_2829937_935451_1_1" xml:lang="en-US" xlink:type="resource" xlink:label="us-gaap_RetainedEarningsAccumulatedDeficit_lbl" xlink:role="http://www.xbrl.org/2003/role/label">Retained Earnings Accumulated Deficit</label>
<labelArc xlink:type="arc" xlink:arcrole="http://www.xbrl.org/2003/arcrole/concept-label" xlink:from="us-gaap_RetainedEarningsAccumulatedDeficit" xlink:to="us-gaap_RetainedEarningsAccumulatedDeficit_lbl" />
<label id="id_2829937_935451_2_1" xml:lang="en-US" xlink:type="resource" xlink:label="us-gaap_RetainedEarningsAccumulatedDeficit_lbl" xlink:role="http://www.xbrl.org/2003/role/terseLabel">Retained earnings</label>
<loc xlink:type="locator" xlink:href="http://xbrl.fasb.org/us-gaap/2016/elts/us-gaap-2016-01-31.xsd#us-gaap_AccumulatedOtherComprehensiveIncomeLossNetOfTax" xlink:label="us-gaap_AccumulatedOtherComprehensiveIncomeLossNetOfTax" />
<label id="id_2829937_934223_1_1" xml:lang="en-US" xlink:type="resource" xlink:label="us-gaap_AccumulatedOtherComprehensiveIncomeLossNetOfTax_lbl" xlink:role="http://www.xbrl.org/2003/role/label">Accumulated Other Comprehensive Income Loss Net Of Tax</label>
<labelArc xlink:type="arc" xlink:arcrole="http://www.xbrl.org/2003/arcrole/concept-label" xlink:from="us-gaap_AccumulatedOtherComprehensiveIncomeLossNetOfTax" xlink:to="us-gaap_AccumulatedOtherComprehensiveIncomeLossNetOfTax_lbl" />
<label id="id_2829937_934223_4_1" xml:lang="en-US" xlink:type="resource" xlink:label="us-gaap_AccumulatedOtherComprehensiveIncomeLossNetOfTax_lbl" xlink:role="http://www.xbrl.org/2003/role/periodEndLabel">Ending balance</label>
<label id="id_2829937_934223_5_1" xml:lang="en-US" xlink:type="resource" xlink:label="us-gaap_AccumulatedOtherComprehensiveIncomeLossNetOfTax_lbl" xlink:role="http://www.xbrl.org/2003/role/periodStartLabel">Beginning balance</label>
<label id="id_2829937_934223_2_1" xml:lang="en-US" xlink:type="resource" xlink:label="us-gaap_AccumulatedOtherComprehensiveIncomeLossNetOfTax_lbl" xlink:role="http://www.xbrl.org/2003/role/terseLabel">Accumulated other comprehensive loss</label>
<loc xlink:type="locator" xlink:href="http://xbrl.fasb.org/us-gaap/2016/elts/us-gaap-2016-01-31.xsd#us-gaap_LiabilitiesAndStockholdersEquity" xlink:label="us-gaap_LiabilitiesAndStockholdersEquity" />
<label id="id_2829937_935778_1_1" xml:lang="en-US" xlink:type="resource" xlink:label="us-gaap_LiabilitiesAndStockholdersEquity_lbl" xlink:role="http://www.xbrl.org/2003/role/label">Liabilities And Stockholders Equity</label>
<labelArc xlink:type="arc" xlink:arcrole="http://www.xbrl.org/2003/arcrole/concept-label" xlink:from="us-gaap_LiabilitiesAndStockholdersEquity" xlink:to="us-gaap_LiabilitiesAndStockholdersEquity_lbl" />
<label id="id_2829937_935778_6_1" xml:lang="en-US" xlink:type="resource" xlink:label="us-gaap_LiabilitiesAndStockholdersEquity_lbl" xlink:role="http://www.xbrl.org/2003/role/totalLabel">TOTAL LIABILITIES AND EQUITY</label>
<loc xlink:type="locator" xlink:href="http://xbrl.fasb.org/us-gaap/2016/elts/us-gaap-2016-01-31.xsd#us-gaap_MinorityInterest" xlink:label="us-gaap_MinorityInterest" />
<label id="id_2829937_934962_1_1" xml:lang="en-US" xlink:type="resource" xlink:label="us-gaap_MinorityInterest_lbl" xlink:role="http://www.xbrl.org/2003/role/label">Minority Interest</label>
<labelArc xlink:type="arc" xlink:arcrole="http://www.xbrl.org/2003/arcrole/concept-label" xlink:from="us-gaap_MinorityInterest" xlink:to="us-gaap_MinorityInterest_lbl" />
<label id="id_2829937_934962_2_1" xml:lang="en-US" xlink:type="resource" xlink:label="us-gaap_MinorityInterest_lbl" xlink:role="http://www.xbrl.org/2003/role/terseLabel">Noncontrolling interests in subsidiaries</label>
<loc xlink:type="locator" xlink:href="http://xbrl.fasb.org/us-gaap/2016/elts/us-gaap-2016-01-31.xsd#us-gaap_StockholdersEquityIncludingPortionAttributableToNoncontrollingInterest" xlink:label="us-gaap_StockholdersEquityIncludingPortionAttributableToNoncontrollingInterest" />
<label id="id_2829937_934503_1_1" xml:lang="en-US" xlink:type="resource" xlink:label="us-gaap_StockholdersEquityIncludingPortionAttributableToNoncontrollingInterest_lbl" xlink:role="http://www.xbrl.org/2003/role/label">Stockholders Equity Including Portion Attributable To Noncontrolling Interest</label>
<labelArc xlink:type="arc" xlink:arcrole="http://www.xbrl.org/2003/arcrole/concept-label" xlink:from="us-gaap_StockholdersEquityIncludingPortionAttributableToNoncontrollingInterest" xlink:to="us-gaap_StockholdersEquityIncludingPortionAttributableToNoncontrollingInterest_lbl" />
<label id="id_2829937_934503_6_1" xml:lang="en-US" xlink:type="resource" xlink:label="us-gaap_StockholdersEquityIncludingPortionAttributableToNoncontrollingInterest_lbl" xlink:role="http://www.xbrl.org/2003/role/totalLabel">TOTAL EQUITY</label>
<loc xlink:type="locator" xlink:href="http://xbrl.fasb.org/us-gaap/2016/elts/us-gaap-2016-01-31.xsd#us-gaap_StockholdersEquityIncludingPortionAttributableToNoncontrollingInterestAbstract" xlink:label="us-gaap_StockholdersEquityIncludingPortionAttributableToNoncontrollingInterestAbstract" />
<label id="id_2829937_929743_1_1" xml:lang="en-US" xlink:type="resource" xlink:label="us-gaap_StockholdersEquityIncludingPortionAttributableToNoncontrollingInterestAbstract_lbl" xlink:role="http://www.xbrl.org/2003/role/label">Stockholders Equity Including Portion Attributable To Noncontrolling Interest [Abstract]</label>
<labelArc xlink:type="arc" xlink:arcrole="http://www.xbrl.org/2003/arcrole/concept-label" xlink:from="us-gaap_StockholdersEquityIncludingPortionAttributableToNoncontrollingInterestAbstract" xlink:to="us-gaap_StockholdersEquityIncludingPortionAttributableToNoncontrollingInterestAbstract_lbl" />
<label id="id_2829937_929743_2_1" xml:lang="en-US" xlink:type="resource" xlink:label="us-gaap_StockholdersEquityIncludingPortionAttributableToNoncontrollingInterestAbstract_lbl" xlink:role="http://www.xbrl.org/2003/role/terseLabel">EQUITY</label>
<loc xlink:type="locator" xlink:href="http://xbrl.fasb.org/us-gaap/2016/elts/us-gaap-2016-01-31.xsd#us-gaap_StockholdersEquity" xlink:label="us-gaap_StockholdersEquity" />
<label id="id_2829937_934682_1_1" xml:lang="en-US" xlink:type="resource" xlink:label="us-gaap_StockholdersEquity_lbl" xlink:role="http://www.xbrl.org/2003/role/label">Stockholders Equity</label>
<labelArc xlink:type="arc" xlink:arcrole="http://www.xbrl.org/2003/arcrole/concept-label" xlink:from="us-gaap_StockholdersEquity" xlink:to="us-gaap_StockholdersEquity_lbl" />
<label id="id_2829937_934682_6_1" xml:lang="en-US" xlink:type="resource" xlink:label="us-gaap_StockholdersEquity_lbl" xlink:role="http://www.xbrl.org/2003/role/totalLabel">TOTAL PARENT EQUITY</label>
<loc xlink:type="locator" xlink:href="http://xbrl.fasb.org/us-gaap/2016/elts/us-gaap-2016-01-31.xsd#us-gaap_SalesRevenueNet" xlink:label="us-gaap_SalesRevenueNet" />
<label id="id_2829937_933695_1_1" xml:lang="en-US" xlink:type="resource" xlink:label="us-gaap_SalesRevenueNet_lbl" xlink:role="http://www.xbrl.org/2003/role/label">Revenue, net</label>
<labelArc xlink:type="arc" xlink:arcrole="http://www.xbrl.org/2003/arcrole/concept-label" xlink:from="us-gaap_SalesRevenueNet" xlink:to="us-gaap_SalesRevenueNet_lbl" />
<label id="id_2829937_933695_2_1" xml:lang="en-US" xlink:type="resource" xlink:label="us-gaap_SalesRevenueNet_lbl" xlink:role="http://www.xbrl.org/2003/role/terseLabel">Net sales</label>
<label id="id_2829937_933695_12_1" xml:lang="en-US" xlink:type="resource" xlink:label="us-gaap_SalesRevenueNet_lbl" xlink:role="http://www.xbrl.org/2003/role/verboseLabel">Total net sales</label>
<loc xlink:type="locator" xlink:href="http://xbrl.fasb.org/us-gaap/2016/elts/us-gaap-2016-01-31.xsd#us-gaap_CostOfGoodsSold" xlink:label="us-gaap_CostOfGoodsSold" />
<label id="id_2829937_937862_1_1" xml:lang="en-US" xlink:type="resource" xlink:label="us-gaap_CostOfGoodsSold_lbl" xlink:role="http://www.xbrl.org/2003/role/label">Cost Of Goods Sold</label>
<labelArc xlink:type="arc" xlink:arcrole="http://www.xbrl.org/2003/arcrole/concept-label" xlink:from="us-gaap_CostOfGoodsSold" xlink:to="us-gaap_CostOfGoodsSold_lbl" />
<label id="id_2829937_937862_2_1" xml:lang="en-US" xlink:type="resource" xlink:label="us-gaap_CostOfGoodsSold_lbl" xlink:role="http://www.xbrl.org/2003/role/terseLabel">Cost of goods sold</label>
<loc xlink:type="locator" xlink:href="http://xbrl.fasb.org/us-gaap/2016/elts/us-gaap-2016-01-31.xsd#us-gaap_GrossProfit" xlink:label="us-gaap_GrossProfit" />
<label id="id_2829937_933395_1_1" xml:lang="en-US" xlink:type="resource" xlink:label="us-gaap_GrossProfit_lbl" xlink:role="http://www.xbrl.org/2003/role/label">Gross Profit</label>
<labelArc xlink:type="arc" xlink:arcrole="http://www.xbrl.org/2003/arcrole/concept-label" xlink:from="us-gaap_GrossProfit" xlink:to="us-gaap_GrossProfit_lbl" />
<label id="id_2829937_933395_6_1" xml:lang="en-US" xlink:type="resource" xlink:label="us-gaap_GrossProfit_lbl" xlink:role="http://www.xbrl.org/2003/role/totalLabel">Gross profit</label>
<loc xlink:type="locator" xlink:href="http://xbrl.fasb.org/us-gaap/2016/elts/us-gaap-2016-01-31.xsd#us-gaap_SellingGeneralAndAdministrativeExpense" xlink:label="us-gaap_SellingGeneralAndAdministrativeExpense" />
<label id="id_2829937_940817_1_1" xml:lang="en-US" xlink:type="resource" xlink:label="us-gaap_SellingGeneralAndAdministrativeExpense_lbl" xlink:role="http://www.xbrl.org/2003/role/label">Selling General And Administrative Expense</label>
<labelArc xlink:type="arc" xlink:arcrole="http://www.xbrl.org/2003/arcrole/concept-label" xlink:from="us-gaap_SellingGeneralAndAdministrativeExpense" xlink:to="us-gaap_SellingGeneralAndAdministrativeExpense_lbl" />
<label id="id_2829937_940817_2_1" xml:lang="en-US" xlink:type="resource" xlink:label="us-gaap_SellingGeneralAndAdministrativeExpense_lbl" xlink:role="http://www.xbrl.org/2003/role/terseLabel">Selling and administrative expenses</label>
<loc xlink:type="locator" xlink:href="http://xbrl.fasb.org/us-gaap/2016/elts/us-gaap-2016-01-31.xsd#us-gaap_DepreciationAndAmortization" xlink:label="us-gaap_DepreciationAndAmortization" />
<label id="id_2829937_938558_1_1" xml:lang="en-US" xlink:type="resource" xlink:label="us-gaap_DepreciationAndAmortization_lbl" xlink:role="http://www.xbrl.org/2003/role/label">Depreciation And Amortization</label>
<labelArc xlink:type="arc" xlink:arcrole="http://www.xbrl.org/2003/arcrole/concept-label" xlink:from="us-gaap_DepreciationAndAmortization" xlink:to="us-gaap_DepreciationAndAmortization_lbl" />
<label id="id_2829937_938558_2_1" xml:lang="en-US" xlink:type="resource" xlink:label="us-gaap_DepreciationAndAmortization_lbl" xlink:role="http://www.xbrl.org/2003/role/terseLabel">Depreciation and amortization</label>
<loc xlink:type="locator" xlink:href="http://xbrl.fasb.org/us-gaap/2016/elts/us-gaap-2016-01-31.xsd#us-gaap_OperatingExpenses" xlink:label="us-gaap_OperatingExpenses" />
<label id="id_2829937_940683_1_1" xml:lang="en-US" xlink:type="resource" xlink:label="us-gaap_OperatingExpenses_lbl" xlink:role="http://www.xbrl.org/2003/role/label">Operating Expenses</label>
<labelArc xlink:type="arc" xlink:arcrole="http://www.xbrl.org/2003/arcrole/concept-label" xlink:from="us-gaap_OperatingExpenses" xlink:to="us-gaap_OperatingExpenses_lbl" />
<label id="id_2829937_940683_6_1" xml:lang="en-US" xlink:type="resource" xlink:label="us-gaap_OperatingExpenses_lbl" xlink:role="http://www.xbrl.org/2003/role/totalLabel">Total operating expenses</label>
<loc xlink:type="locator" xlink:href="http://xbrl.fasb.org/us-gaap/2016/elts/us-gaap-2016-01-31.xsd#us-gaap_IncomeLossFromContinuingOperationsBeforeIncomeTaxesExtraordinaryItemsNoncontrollingInterest" xlink:label="us-gaap_IncomeLossFromContinuingOperationsBeforeIncomeTaxesExtraordinaryItemsNoncontrollingInterest" />
<label id="id_2829937_933538_1_1" xml:lang="en-US" xlink:type="resource" xlink:label="us-gaap_IncomeLossFromContinuingOperationsBeforeIncomeTaxesExtraordinaryItemsNoncontrollingInterest_lbl" xlink:role="http://www.xbrl.org/2003/role/label">Income Loss From Continuing Operations Before Income Taxes Extraordinary Items Noncontrolling Interest</label>
<labelArc xlink:type="arc" xlink:arcrole="http://www.xbrl.org/2003/arcrole/concept-label" xlink:from="us-gaap_IncomeLossFromContinuingOperationsBeforeIncomeTaxesExtraordinaryItemsNoncontrollingInterest" xlink:to="us-gaap_IncomeLossFromContinuingOperationsBeforeIncomeTaxesExtraordinaryItemsNoncontrollingInterest_lbl" />
<label id="id_2829937_933538_6_1" xml:lang="en-US" xlink:type="resource" xlink:label="us-gaap_IncomeLossFromContinuingOperationsBeforeIncomeTaxesExtraordinaryItemsNoncontrollingInterest_lbl" xlink:role="http://www.xbrl.org/2003/role/totalLabel">Income before income taxes</label>
<loc xlink:type="locator" xlink:href="http://xbrl.fasb.org/us-gaap/2016/elts/us-gaap-2016-01-31.xsd#us-gaap_CurrentIncomeTaxExpenseBenefit" xlink:label="us-gaap_CurrentIncomeTaxExpenseBenefit" />
<label id="id_2829937_940132_1_1" xml:lang="en-US" xlink:type="resource" xlink:label="us-gaap_CurrentIncomeTaxExpenseBenefit_lbl" xlink:role="http://www.xbrl.org/2003/role/label">Current Income Tax Expense Benefit</label>
<labelArc xlink:type="arc" xlink:arcrole="http://www.xbrl.org/2003/arcrole/concept-label" xlink:from="us-gaap_CurrentIncomeTaxExpenseBenefit" xlink:to="us-gaap_CurrentIncomeTaxExpenseBenefit_lbl" />
<label id="id_2829937_940132_2_1" xml:lang="en-US" xlink:type="resource" xlink:label="us-gaap_CurrentIncomeTaxExpenseBenefit_lbl" xlink:role="http://www.xbrl.org/2003/role/terseLabel">Income taxes</label>
<loc xlink:type="locator" xlink:href="http://xbrl.fasb.org/us-gaap/2016/elts/us-gaap-2016-01-31.xsd#us-gaap_EarningsPerShareBasic" xlink:label="us-gaap_EarningsPerShareBasic" />
<label id="id_2829937_925621_1_1" xml:lang="en-US" xlink:type="resource" xlink:label="us-gaap_EarningsPerShareBasic_lbl" xlink:role="http://www.xbrl.org/2003/role/label">Earnings Per Share Basic</label>
<labelArc xlink:type="arc" xlink:arcrole="http://www.xbrl.org/2003/arcrole/concept-label" xlink:from="us-gaap_EarningsPerShareBasic" xlink:to="us-gaap_EarningsPerShareBasic_lbl" />
<label id="id_2829937_925621_2_1" xml:lang="en-US" xlink:type="resource" xlink:label="us-gaap_EarningsPerShareBasic_lbl" xlink:role="http://www.xbrl.org/2003/role/terseLabel">Basic net income per share</label>
<loc xlink:type="locator" xlink:href="http://xbrl.fasb.org/us-gaap/2016/elts/us-gaap-2016-01-31.xsd#us-gaap_EarningsPerShareDiluted" xlink:label="us-gaap_EarningsPerShareDiluted" />
<label id="id_2829937_924397_1_1" xml:lang="en-US" xlink:type="resource" xlink:label="us-gaap_EarningsPerShareDiluted_lbl" xlink:role="http://www.xbrl.org/2003/role/label">Earnings Per Share Diluted</label>
<labelArc xlink:type="arc" xlink:arcrole="http://www.xbrl.org/2003/arcrole/concept-label" xlink:from="us-gaap_EarningsPerShareDiluted" xlink:to="us-gaap_EarningsPerShareDiluted_lbl" />
<label id="id_2829937_924397_2_1" xml:lang="en-US" xlink:type="resource" xlink:label="us-gaap_EarningsPerShareDiluted_lbl" xlink:role="http://www.xbrl.org/2003/role/terseLabel">Diluted net income per share</label>
<loc xlink:type="locator" xlink:href="http://xbrl.fasb.org/us-gaap/2016/elts/us-gaap-2016-01-31.xsd#us-gaap_CommonStockDividendsPerShareDeclared" xlink:label="us-gaap_CommonStockDividendsPerShareDeclared" />
<label id="id_2829937_924576_1_1" xml:lang="en-US" xlink:type="resource" xlink:label="us-gaap_CommonStockDividendsPerShareDeclared_lbl" xlink:role="http://www.xbrl.org/2003/role/label">Common Stock Dividends Per Share Declared</label>
<labelArc xlink:type="arc" xlink:arcrole="http://www.xbrl.org/2003/arcrole/concept-label" xlink:from="us-gaap_CommonStockDividendsPerShareDeclared" xlink:to="us-gaap_CommonStockDividendsPerShareDeclared_lbl" />
<label id="id_2829937_924576_2_1" xml:lang="en-US" xlink:type="resource" xlink:label="us-gaap_CommonStockDividendsPerShareDeclared_lbl" xlink:role="http://www.xbrl.org/2003/role/terseLabel">Dividends declared per share</label>
<loc xlink:type="locator" xlink:href="http://xbrl.fasb.org/us-gaap/2016/elts/us-gaap-2016-01-31.xsd#us-gaap_WeightedAverageNumberOfSharesOutstandingBasic" xlink:label="us-gaap_WeightedAverageNumberOfSharesOutstandingBasic" />
<label id="id_2829937_929768_1_1" xml:lang="en-US" xlink:type="resource" xlink:label="us-gaap_WeightedAverageNumberOfSharesOutstandingBasic_lbl" xlink:role="http://www.xbrl.org/2003/role/label">Weighted Average Number Of Shares Outstanding Basic</label>
<labelArc xlink:type="arc" xlink:arcrole="http://www.xbrl.org/2003/arcrole/concept-label" xlink:from="us-gaap_WeightedAverageNumberOfSharesOutstandingBasic" xlink:to="us-gaap_WeightedAverageNumberOfSharesOutstandingBasic_lbl" />
<label id="id_2829937_929768_2_1" xml:lang="en-US" xlink:type="resource" xlink:label="us-gaap_WeightedAverageNumberOfSharesOutstandingBasic_lbl" xlink:role="http://www.xbrl.org/2003/role/terseLabel">Weighted average shares outstanding</label>
<loc xlink:type="locator" xlink:href="http://xbrl.fasb.org/us-gaap/2016/elts/us-gaap-2016-01-31.xsd#us-gaap_ComprehensiveIncomeNetOfTaxIncludingPortionAttributableToNoncontrollingInterest" xlink:label="us-gaap_ComprehensiveIncomeNetOfTaxIncludingPortionAttributableToNoncontrollingInterest" />
<label id="id_2829937_933483_1_1" xml:lang="en-US" xlink:type="resource" xlink:label="us-gaap_ComprehensiveIncomeNetOfTaxIncludingPortionAttributableToNoncontrollingInterest_lbl" xlink:role="http://www.xbrl.org/2003/role/label">Comprehensive Income Net Of Tax Including Portion Attributable To Noncontrolling Interest</label>
<labelArc xlink:type="arc" xlink:arcrole="http://www.xbrl.org/2003/arcrole/concept-label" xlink:from="us-gaap_ComprehensiveIncomeNetOfTaxIncludingPortionAttributableToNoncontrollingInterest" xlink:to="us-gaap_ComprehensiveIncomeNetOfTaxIncludingPortionAttributableToNoncontrollingInterest_lbl" />
<label id="id_2829937_933483_2_1" xml:lang="en-US" xlink:type="resource" xlink:label="us-gaap_ComprehensiveIncomeNetOfTaxIncludingPortionAttributableToNoncontrollingInterest_lbl" xlink:role="http://www.xbrl.org/2003/role/terseLabel">Comprehensive income</label>
<label id="id_2829937_933483_6_1" xml:lang="en-US" xlink:type="resource" xlink:label="us-gaap_ComprehensiveIncomeNetOfTaxIncludingPortionAttributableToNoncontrollingInterest_lbl" xlink:role="http://www.xbrl.org/2003/role/totalLabel">Comprehensive income</label>
<loc xlink:type="locator" xlink:href="http://xbrl.fasb.org/us-gaap/2016/elts/us-gaap-2016-01-31.xsd#us-gaap_ProfitLoss" xlink:label="us-gaap_ProfitLoss" />
<label id="id_2829937_934491_1_1" xml:lang="en-US" xlink:type="resource" xlink:label="us-gaap_ProfitLoss_lbl" xlink:role="http://www.xbrl.org/2003/role/label">Profit Loss</label>
<labelArc xlink:type="arc" xlink:arcrole="http://www.xbrl.org/2003/arcrole/concept-label" xlink:from="us-gaap_ProfitLoss" xlink:to="us-gaap_ProfitLoss_lbl" />
<label id="id_2829937_934491_2_1" xml:lang="en-US" xlink:type="resource" xlink:label="us-gaap_ProfitLoss_lbl" xlink:role="http://www.xbrl.org/2003/role/terseLabel">Net income</label>
<label id="id_2829937_934491_6_1" xml:lang="en-US" xlink:type="resource" xlink:label="us-gaap_ProfitLoss_lbl" xlink:role="http://www.xbrl.org/2003/role/totalLabel">Net income</label>
<loc xlink:type="locator" xlink:href="http://xbrl.fasb.org/us-gaap/2016/elts/us-gaap-2016-01-31.xsd#us-gaap_ShareBasedCompensation" xlink:label="us-gaap_ShareBasedCompensation" />
<label id="id_2829937_938471_1_1" xml:lang="en-US" xlink:type="resource" xlink:label="us-gaap_ShareBasedCompensation_lbl" xlink:role="http://www.xbrl.org/2003/role/label">Share Based Compensation</label>
<labelArc xlink:type="arc" xlink:arcrole="http://www.xbrl.org/2003/arcrole/concept-label" xlink:from="us-gaap_ShareBasedCompensation" xlink:to="us-gaap_ShareBasedCompensation_lbl" />
<label id="id_2829937_938471_2_1" xml:lang="en-US" xlink:type="resource" xlink:label="us-gaap_ShareBasedCompensation_lbl" xlink:role="http://www.xbrl.org/2003/role/terseLabel">Share-based compensation</label>
<loc xlink:type="locator" xlink:href="http://xbrl.fasb.org/us-gaap/2016/elts/us-gaap-2016-01-31.xsd#us-gaap_ExcessTaxBenefitFromShareBasedCompensationOperatingActivities" xlink:label="us-gaap_ExcessTaxBenefitFromShareBasedCompensationOperatingActivities" />
<label id="id_2829937_934528_1_1" xml:lang="en-US" xlink:type="resource" xlink:label="us-gaap_ExcessTaxBenefitFromShareBasedCompensationOperatingActivities_lbl" xlink:role="http://www.xbrl.org/2003/role/label">Excess Tax Benefit From Share Based Compensation Operating Activities</label>
<labelArc xlink:type="arc" xlink:arcrole="http://www.xbrl.org/2003/arcrole/concept-label" xlink:from="us-gaap_ExcessTaxBenefitFromShareBasedCompensationOperatingActivities" xlink:to="us-gaap_ExcessTaxBenefitFromShareBasedCompensationOperatingActivities_lbl" />
<label id="id_2829937_934528_2_1" xml:lang="en-US" xlink:type="resource" xlink:label="us-gaap_ExcessTaxBenefitFromShareBasedCompensationOperatingActivities_lbl" xlink:role="http://www.xbrl.org/2009/role/negatedLabel">Excess tax benefits from share-based compensation</label>
<loc xlink:type="locator" xlink:href="http://xbrl.fasb.org/us-gaap/2016/elts/us-gaap-2016-01-31.xsd#us-gaap_IncreaseDecreaseInOtherOperatingCapitalNet" xlink:label="us-gaap_IncreaseDecreaseInOtherOperatingCapitalNet" />
<label id="id_2829937_935588_1_1" xml:lang="en-US" xlink:type="resource" xlink:label="us-gaap_IncreaseDecreaseInOtherOperatingCapitalNet_lbl" xlink:role="http://www.xbrl.org/2003/role/label">Increase Decrease In Other Operating Capital Net</label>
<labelArc xlink:type="arc" xlink:arcrole="http://www.xbrl.org/2003/arcrole/concept-label" xlink:from="us-gaap_IncreaseDecreaseInOtherOperatingCapitalNet" xlink:to="us-gaap_IncreaseDecreaseInOtherOperatingCapitalNet_lbl" />
<label id="id_2829937_935588_14_1" xml:lang="en-US" xlink:type="resource" xlink:label="us-gaap_IncreaseDecreaseInOtherOperatingCapitalNet_lbl" xlink:role="http://www.xbrl.org/2009/role/negatedLabel">Other</label>
<loc xlink:type="locator" xlink:href="http://xbrl.fasb.org/us-gaap/2016/elts/us-gaap-2016-01-31.xsd#us-gaap_IncreaseDecreaseInOperatingCapital" xlink:label="us-gaap_IncreaseDecreaseInOperatingCapital" />
<label id="id_2829937_934192_1_1" xml:lang="en-US" xlink:type="resource" xlink:label="us-gaap_IncreaseDecreaseInOperatingCapital_lbl" xlink:role="http://www.xbrl.org/2003/role/label">Increase Decrease In Operating Capital</label>
<labelArc xlink:type="arc" xlink:arcrole="http://www.xbrl.org/2003/arcrole/concept-label" xlink:from="us-gaap_IncreaseDecreaseInOperatingCapital" xlink:to="us-gaap_IncreaseDecreaseInOperatingCapital_lbl" />
<label id="id_2829937_934192_14_1" xml:lang="en-US" xlink:type="resource" xlink:label="us-gaap_IncreaseDecreaseInOperatingCapital_lbl" xlink:role="http://www.xbrl.org/2009/role/negatedLabel">Changes in operating assets and liabilities</label>
<loc xlink:type="locator" xlink:href="http://xbrl.fasb.org/us-gaap/2016/elts/us-gaap-2016-01-31.xsd#us-gaap_NetCashProvidedByUsedInOperatingActivities" xlink:label="us-gaap_NetCashProvidedByUsedInOperatingActivities" />
<label id="id_2829937_928832_1_1" xml:lang="en-US" xlink:type="resource" xlink:label="us-gaap_NetCashProvidedByUsedInOperatingActivities_lbl" xlink:role="http://www.xbrl.org/2003/role/label">Net Cash Provided By Used In Operating Activities</label>
<labelArc xlink:type="arc" xlink:arcrole="http://www.xbrl.org/2003/arcrole/concept-label" xlink:from="us-gaap_NetCashProvidedByUsedInOperatingActivities" xlink:to="us-gaap_NetCashProvidedByUsedInOperatingActivities_lbl" />
<label id="id_2829937_928832_6_1" xml:lang="en-US" xlink:type="resource" xlink:label="us-gaap_NetCashProvidedByUsedInOperatingActivities_lbl" xlink:role="http://www.xbrl.org/2003/role/totalLabel">NET CASH PROVIDED BY OPERATING ACTIVITIES</label>
<loc xlink:type="locator" xlink:href="http://xbrl.fasb.org/us-gaap/2016/elts/us-gaap-2016-01-31.xsd#us-gaap_NetCashProvidedByUsedInOperatingActivitiesAbstract" xlink:label="us-gaap_NetCashProvidedByUsedInOperatingActivitiesAbstract" />
<label id="id_2829937_930909_1_1" xml:lang="en-US" xlink:type="resource" xlink:label="us-gaap_NetCashProvidedByUsedInOperatingActivitiesAbstract_lbl" xlink:role="http://www.xbrl.org/2003/role/label">Net Cash Provided By Used In Operating Activities [Abstract]</label>
<labelArc xlink:type="arc" xlink:arcrole="http://www.xbrl.org/2003/arcrole/concept-label" xlink:from="us-gaap_NetCashProvidedByUsedInOperatingActivitiesAbstract" xlink:to="us-gaap_NetCashProvidedByUsedInOperatingActivitiesAbstract_lbl" />
<label id="id_2829937_930909_2_1" xml:lang="en-US" xlink:type="resource" xlink:label="us-gaap_NetCashProvidedByUsedInOperatingActivitiesAbstract_lbl" xlink:role="http://www.xbrl.org/2003/role/terseLabel">OPERATING ACTIVITIES:</label>
<loc xlink:type="locator" xlink:href="http://xbrl.fasb.org/us-gaap/2016/elts/us-gaap-2016-01-31.xsd#us-gaap_PaymentsToAcquirePropertyPlantAndEquipment" xlink:label="us-gaap_PaymentsToAcquirePropertyPlantAndEquipment" />
<label id="id_2829937_936514_1_1" xml:lang="en-US" xlink:type="resource" xlink:label="us-gaap_PaymentsToAcquirePropertyPlantAndEquipment_lbl" xlink:role="http://www.xbrl.org/2003/role/label">Payments To Acquire Property Plant And Equipment</label>
<labelArc xlink:type="arc" xlink:arcrole="http://www.xbrl.org/2003/arcrole/concept-label" xlink:from="us-gaap_PaymentsToAcquirePropertyPlantAndEquipment" xlink:to="us-gaap_PaymentsToAcquirePropertyPlantAndEquipment_lbl" />
<label id="id_2829937_936514_14_1" xml:lang="en-US" xlink:type="resource" xlink:label="us-gaap_PaymentsToAcquirePropertyPlantAndEquipment_lbl" xlink:role="http://www.xbrl.org/2009/role/negatedLabel">Purchases of property, plant and equipment</label>
<loc xlink:type="locator" xlink:href="bst-20160930.xsd#bst_PaymentsToAcquireBusinessesNetOfCashAcquiredAndEquityMethodInvestments" xlink:label="bst_PaymentsToAcquireBusinessesNetOfCashAcquiredAndEquityMethodInvestments" />
<label id="id_2829937_1022196_3_1" xml:lang="en-US" xlink:type="resource" xlink:label="bst_PaymentsToAcquireBusinessesNetOfCashAcquiredAndEquityMethodInvestments_lbl" xlink:role="http://www.xbrl.org/2003/role/documentation">Payments to acquire businesses net of cash acquired and equity method investments.</label>
<labelArc xlink:type="arc" xlink:arcrole="http://www.xbrl.org/2003/arcrole/concept-label" xlink:from="bst_PaymentsToAcquireBusinessesNetOfCashAcquiredAndEquityMethodInvestments" xlink:to="bst_PaymentsToAcquireBusinessesNetOfCashAcquiredAndEquityMethodInvestments_lbl" />
<label id="id_2829937_1022196_1_1" xml:lang="en-US" xlink:type="resource" xlink:label="bst_PaymentsToAcquireBusinessesNetOfCashAcquiredAndEquityMethodInvestments_lbl" xlink:role="http://www.xbrl.org/2003/role/label">Payments To Acquire Businesses Net Of Cash Acquired And Equity Method Investments</label>
<label id="id_2829937_1022196_14_1" xml:lang="en-US" xlink:type="resource" xlink:label="bst_PaymentsToAcquireBusinessesNetOfCashAcquiredAndEquityMethodInvestments_lbl" xlink:role="http://www.xbrl.org/2009/role/negatedLabel">Acquisitions and other investing activities</label>
<loc xlink:type="locator" xlink:href="http://xbrl.fasb.org/us-gaap/2016/elts/us-gaap-2016-01-31.xsd#us-gaap_NetCashProvidedByUsedInInvestingActivities" xlink:label="us-gaap_NetCashProvidedByUsedInInvestingActivities" />
<label id="id_2829937_939292_1_1" xml:lang="en-US" xlink:type="resource" xlink:label="us-gaap_NetCashProvidedByUsedInInvestingActivities_lbl" xlink:role="http://www.xbrl.org/2003/role/label">Net Cash Provided By Used In Investing Activities</label>
<labelArc xlink:type="arc" xlink:arcrole="http://www.xbrl.org/2003/arcrole/concept-label" xlink:from="us-gaap_NetCashProvidedByUsedInInvestingActivities" xlink:to="us-gaap_NetCashProvidedByUsedInInvestingActivities_lbl" />
<label id="id_2829937_939292_6_1" xml:lang="en-US" xlink:type="resource" xlink:label="us-gaap_NetCashProvidedByUsedInInvestingActivities_lbl" xlink:role="http://www.xbrl.org/2003/role/totalLabel">NET CASH USED IN INVESTING ACTIVITIES</label>
<loc xlink:type="locator" xlink:href="http://xbrl.fasb.org/us-gaap/2016/elts/us-gaap-2016-01-31.xsd#us-gaap_NetCashProvidedByUsedInInvestingActivitiesAbstract" xlink:label="us-gaap_NetCashProvidedByUsedInInvestingActivitiesAbstract" />
<label id="id_2829937_924425_1_1" xml:lang="en-US" xlink:type="resource" xlink:label="us-gaap_NetCashProvidedByUsedInInvestingActivitiesAbstract_lbl" xlink:role="http://www.xbrl.org/2003/role/label">Net Cash Provided By Used In Investing Activities [Abstract]</label>
<labelArc xlink:type="arc" xlink:arcrole="http://www.xbrl.org/2003/arcrole/concept-label" xlink:from="us-gaap_NetCashProvidedByUsedInInvestingActivitiesAbstract" xlink:to="us-gaap_NetCashProvidedByUsedInInvestingActivitiesAbstract_lbl" />
<label id="id_2829937_924425_2_1" xml:lang="en-US" xlink:type="resource" xlink:label="us-gaap_NetCashProvidedByUsedInInvestingActivitiesAbstract_lbl" xlink:role="http://www.xbrl.org/2003/role/terseLabel">INVESTING ACTIVITIES:</label>
<loc xlink:type="locator" xlink:href="http://xbrl.fasb.org/us-gaap/2016/elts/us-gaap-2016-01-31.xsd#us-gaap_ProceedsFromLongTermLinesOfCredit" xlink:label="us-gaap_ProceedsFromLongTermLinesOfCredit" />
<label id="id_2829937_939728_1_1" xml:lang="en-US" xlink:type="resource" xlink:label="us-gaap_ProceedsFromLongTermLinesOfCredit_lbl" xlink:role="http://www.xbrl.org/2003/role/label">Proceeds From Long Term Lines Of Credit</label>
<labelArc xlink:type="arc" xlink:arcrole="http://www.xbrl.org/2003/arcrole/concept-label" xlink:from="us-gaap_ProceedsFromLongTermLinesOfCredit" xlink:to="us-gaap_ProceedsFromLongTermLinesOfCredit_lbl" />
<label id="id_2829937_939728_2_1" xml:lang="en-US" xlink:type="resource" xlink:label="us-gaap_ProceedsFromLongTermLinesOfCredit_lbl" xlink:role="http://www.xbrl.org/2003/role/terseLabel">Proceeds from debt</label>
<loc xlink:type="locator" xlink:href="http://xbrl.fasb.org/us-gaap/2016/elts/us-gaap-2016-01-31.xsd#us-gaap_RepaymentsOfLongTermLinesOfCredit" xlink:label="us-gaap_RepaymentsOfLongTermLinesOfCredit" />
<label id="id_2829937_933275_1_1" xml:lang="en-US" xlink:type="resource" xlink:label="us-gaap_RepaymentsOfLongTermLinesOfCredit_lbl" xlink:role="http://www.xbrl.org/2003/role/label">Repayments Of Long Term Lines Of Credit</label>
<labelArc xlink:type="arc" xlink:arcrole="http://www.xbrl.org/2003/arcrole/concept-label" xlink:from="us-gaap_RepaymentsOfLongTermLinesOfCredit" xlink:to="us-gaap_RepaymentsOfLongTermLinesOfCredit_lbl" />
<label id="id_2829937_933275_14_1" xml:lang="en-US" xlink:type="resource" xlink:label="us-gaap_RepaymentsOfLongTermLinesOfCredit_lbl" xlink:role="http://www.xbrl.org/2009/role/negatedLabel">Payments on debt</label>
<loc xlink:type="locator" xlink:href="bst-20160930.xsd#bst_PaymentsForShareBasedAwardsExercisedNetOfTaxesPaid" xlink:label="bst_PaymentsForShareBasedAwardsExercisedNetOfTaxesPaid" />
<label id="id_2829937_1222983_3_1" xml:lang="en-US" xlink:type="resource" xlink:label="bst_PaymentsForShareBasedAwardsExercisedNetOfTaxesPaid_lbl" xlink:role="http://www.xbrl.org/2003/role/documentation">Payments for share based awards exercised net of taxes paid.</label>
<labelArc xlink:type="arc" xlink:arcrole="http://www.xbrl.org/2003/arcrole/concept-label" xlink:from="bst_PaymentsForShareBasedAwardsExercisedNetOfTaxesPaid" xlink:to="bst_PaymentsForShareBasedAwardsExercisedNetOfTaxesPaid_lbl" />
<label id="id_2829937_1222983_1_1" xml:lang="en-US" xlink:type="resource" xlink:label="bst_PaymentsForShareBasedAwardsExercisedNetOfTaxesPaid_lbl" xlink:role="http://www.xbrl.org/2003/role/label">Payments For Share Based Awards Exercised Net Of Taxes Paid</label>
<label id="id_2829937_1222983_14_1" xml:lang="en-US" xlink:type="resource" xlink:label="bst_PaymentsForShareBasedAwardsExercisedNetOfTaxesPaid_lbl" xlink:role="http://www.xbrl.org/2009/role/negatedLabel">Share-based awards exercised, net of taxes paid</label>
<loc xlink:type="locator" xlink:href="http://xbrl.fasb.org/us-gaap/2016/elts/us-gaap-2016-01-31.xsd#us-gaap_ExcessTaxBenefitFromShareBasedCompensationFinancingActivities" xlink:label="us-gaap_ExcessTaxBenefitFromShareBasedCompensationFinancingActivities" />
<label id="id_2829937_940039_1_1" xml:lang="en-US" xlink:type="resource" xlink:label="us-gaap_ExcessTaxBenefitFromShareBasedCompensationFinancingActivities_lbl" xlink:role="http://www.xbrl.org/2003/role/label">Excess Tax Benefit From Share Based Compensation Financing Activities</label>
<labelArc xlink:type="arc" xlink:arcrole="http://www.xbrl.org/2003/arcrole/concept-label" xlink:from="us-gaap_ExcessTaxBenefitFromShareBasedCompensationFinancingActivities" xlink:to="us-gaap_ExcessTaxBenefitFromShareBasedCompensationFinancingActivities_lbl" />
<label id="id_2829937_940039_2_1" xml:lang="en-US" xlink:type="resource" xlink:label="us-gaap_ExcessTaxBenefitFromShareBasedCompensationFinancingActivities_lbl" xlink:role="http://www.xbrl.org/2003/role/terseLabel">Excess tax benefits from share-based compensation</label>
<loc xlink:type="locator" xlink:href="http://xbrl.fasb.org/us-gaap/2016/elts/us-gaap-2016-01-31.xsd#us-gaap_PaymentsOfDividends" xlink:label="us-gaap_PaymentsOfDividends" />
<label id="id_2829937_936737_1_1" xml:lang="en-US" xlink:type="resource" xlink:label="us-gaap_PaymentsOfDividends_lbl" xlink:role="http://www.xbrl.org/2003/role/label">Payments Of Dividends</label>
<labelArc xlink:type="arc" xlink:arcrole="http://www.xbrl.org/2003/arcrole/concept-label" xlink:from="us-gaap_PaymentsOfDividends" xlink:to="us-gaap_PaymentsOfDividends_lbl" />
<label id="id_2829937_936737_14_1" xml:lang="en-US" xlink:type="resource" xlink:label="us-gaap_PaymentsOfDividends_lbl" xlink:role="http://www.xbrl.org/2009/role/negatedLabel">Dividends paid</label>
<loc xlink:type="locator" xlink:href="http://xbrl.fasb.org/us-gaap/2016/elts/us-gaap-2016-01-31.xsd#us-gaap_PaymentsForRepurchaseOfCommonStock" xlink:label="us-gaap_PaymentsForRepurchaseOfCommonStock" />
<label id="id_2829937_936173_1_1" xml:lang="en-US" xlink:type="resource" xlink:label="us-gaap_PaymentsForRepurchaseOfCommonStock_lbl" xlink:role="http://www.xbrl.org/2003/role/label">Payments For Repurchase Of Common Stock</label>
<labelArc xlink:type="arc" xlink:arcrole="http://www.xbrl.org/2003/arcrole/concept-label" xlink:from="us-gaap_PaymentsForRepurchaseOfCommonStock" xlink:to="us-gaap_PaymentsForRepurchaseOfCommonStock_lbl" />
<label id="id_2829937_936173_14_1" xml:lang="en-US" xlink:type="resource" xlink:label="us-gaap_PaymentsForRepurchaseOfCommonStock_lbl" xlink:role="http://www.xbrl.org/2009/role/negatedLabel">Purchase of stock</label>
<loc xlink:type="locator" xlink:href="http://xbrl.fasb.org/us-gaap/2016/elts/us-gaap-2016-01-31.xsd#us-gaap_EffectOfExchangeRateOnCashAndCashEquivalents" xlink:label="us-gaap_EffectOfExchangeRateOnCashAndCashEquivalents" />
<label id="id_2829937_940840_1_1" xml:lang="en-US" xlink:type="resource" xlink:label="us-gaap_EffectOfExchangeRateOnCashAndCashEquivalents_lbl" xlink:role="http://www.xbrl.org/2003/role/label">Effect Of Exchange Rate On Cash And Cash Equivalents</label>
<labelArc xlink:type="arc" xlink:arcrole="http://www.xbrl.org/2003/arcrole/concept-label" xlink:from="us-gaap_EffectOfExchangeRateOnCashAndCashEquivalents" xlink:to="us-gaap_EffectOfExchangeRateOnCashAndCashEquivalents_lbl" />
<label id="id_2829937_940840_2_1" xml:lang="en-US" xlink:type="resource" xlink:label="us-gaap_EffectOfExchangeRateOnCashAndCashEquivalents_lbl" xlink:role="http://www.xbrl.org/2003/role/terseLabel">EFFECT OF EXCHANGE RATE CHANGES ON CASH</label>
<loc xlink:type="locator" xlink:href="http://xbrl.fasb.org/us-gaap/2016/elts/us-gaap-2016-01-31.xsd#us-gaap_CashAndCashEquivalentsPeriodIncreaseDecrease" xlink:label="us-gaap_CashAndCashEquivalentsPeriodIncreaseDecrease" />
<label id="id_2829937_938600_1_1" xml:lang="en-US" xlink:type="resource" xlink:label="us-gaap_CashAndCashEquivalentsPeriodIncreaseDecrease_lbl" xlink:role="http://www.xbrl.org/2003/role/label">Cash And Cash Equivalents Period Increase Decrease</label>
<labelArc xlink:type="arc" xlink:arcrole="http://www.xbrl.org/2003/arcrole/concept-label" xlink:from="us-gaap_CashAndCashEquivalentsPeriodIncreaseDecrease" xlink:to="us-gaap_CashAndCashEquivalentsPeriodIncreaseDecrease_lbl" />
<label id="id_2829937_938600_6_1" xml:lang="en-US" xlink:type="resource" xlink:label="us-gaap_CashAndCashEquivalentsPeriodIncreaseDecrease_lbl" xlink:role="http://www.xbrl.org/2003/role/totalLabel">NET DECREASE IN CASH AND CASH EQUIVALENTS</label>
<loc xlink:type="locator" xlink:href="http://xbrl.fasb.org/us-gaap/2016/elts/us-gaap-2016-01-31.xsd#us-gaap_OrganizationConsolidationAndPresentationOfFinancialStatementsDisclosureTextBlock" xlink:label="us-gaap_OrganizationConsolidationAndPresentationOfFinancialStatementsDisclosureTextBlock" />
<label id="id_2829937_931858_1_1" xml:lang="en-US" xlink:type="resource" xlink:label="us-gaap_OrganizationConsolidationAndPresentationOfFinancialStatementsDisclosureTextBlock_lbl" xlink:role="http://www.xbrl.org/2003/role/label">Organization Consolidation And Presentation Of Financial Statements Disclosure [Text Block]</label>
<labelArc xlink:type="arc" xlink:arcrole="http://www.xbrl.org/2003/arcrole/concept-label" xlink:from="us-gaap_OrganizationConsolidationAndPresentationOfFinancialStatementsDisclosureTextBlock" xlink:to="us-gaap_OrganizationConsolidationAndPresentationOfFinancialStatementsDisclosureTextBlock_lbl" />
<label id="id_2829937_931858_2_1" xml:lang="en-US" xlink:type="resource" xlink:label="us-gaap_OrganizationConsolidationAndPresentationOfFinancialStatementsDisclosureTextBlock_lbl" xlink:role="http://www.xbrl.org/2003/role/terseLabel">Basis of Presentation</label>
<loc xlink:type="locator" xlink:href="http://xbrl.fasb.org/us-gaap/2016/elts/us-gaap-2016-01-31.xsd#us-gaap_ScheduleOfSegmentReportingInformationBySegmentTextBlock" xlink:label="us-gaap_ScheduleOfSegmentReportingInformationBySegmentTextBlock" />
<label id="id_2829937_926400_1_1" xml:lang="en-US" xlink:type="resource" xlink:label="us-gaap_ScheduleOfSegmentReportingInformationBySegmentTextBlock_lbl" xlink:role="http://www.xbrl.org/2003/role/label">Schedule Of Segment Reporting Information By Segment [Text Block]</label>
<labelArc xlink:type="arc" xlink:arcrole="http://www.xbrl.org/2003/arcrole/concept-label" xlink:from="us-gaap_ScheduleOfSegmentReportingInformationBySegmentTextBlock" xlink:to="us-gaap_ScheduleOfSegmentReportingInformationBySegmentTextBlock_lbl" />
<label id="id_2829937_926400_2_1" xml:lang="en-US" xlink:type="resource" xlink:label="us-gaap_ScheduleOfSegmentReportingInformationBySegmentTextBlock_lbl" xlink:role="http://www.xbrl.org/2003/role/terseLabel">Summary of Segment Information</label>
<loc xlink:type="locator" xlink:href="http://xbrl.fasb.org/us-gaap/2016/elts/us-gaap-2016-01-31.xsd#us-gaap_OperatingIncomeLoss" xlink:label="us-gaap_OperatingIncomeLoss" />
<label id="id_2829937_934856_1_1" xml:lang="en-US" xlink:type="resource" xlink:label="us-gaap_OperatingIncomeLoss_lbl" xlink:role="http://www.xbrl.org/2003/role/label">Operating Income Loss</label>
<labelArc xlink:type="arc" xlink:arcrole="http://www.xbrl.org/2003/arcrole/concept-label" xlink:from="us-gaap_OperatingIncomeLoss" xlink:to="us-gaap_OperatingIncomeLoss_lbl" />
<label id="id_2829937_934856_2_1" xml:lang="en-US" xlink:type="resource" xlink:label="us-gaap_OperatingIncomeLoss_lbl" xlink:role="http://www.xbrl.org/2003/role/terseLabel">Total operating profit</label>
<loc xlink:type="locator" xlink:href="http://xbrl.fasb.org/us-gaap/2016/elts/us-gaap-2016-01-31.xsd#us-gaap_OperatingIncomeLossAbstract" xlink:label="us-gaap_OperatingIncomeLossAbstract" />
<label id="id_2829937_928874_1_1" xml:lang="en-US" xlink:type="resource" xlink:label="us-gaap_OperatingIncomeLossAbstract_lbl" xlink:role="http://www.xbrl.org/2003/role/label">Operating Income Loss [Abstract]</label>
<labelArc xlink:type="arc" xlink:arcrole="http://www.xbrl.org/2003/arcrole/concept-label" xlink:from="us-gaap_OperatingIncomeLossAbstract" xlink:to="us-gaap_OperatingIncomeLossAbstract_lbl" />
<label id="id_2829937_928874_2_1" xml:lang="en-US" xlink:type="resource" xlink:label="us-gaap_OperatingIncomeLossAbstract_lbl" xlink:role="http://www.xbrl.org/2003/role/terseLabel">Operating profit:</label><loc xlink:type="locator" xlink:href="http://xbrl.fasb.org/us-gaap/2016/elts/us-gaap-2016-01-31.xsd#us-gaap_SegmentReportingDisclosureTextBlock" xlink:label="us-gaap_SegmentReportingDisclosureTextBlock" />
<label id="id_2829937_923980_1_1" xml:lang="en-US" xlink:type="resource" xlink:label="us-gaap_SegmentReportingDisclosureTextBlock_lbl" xlink:role="http://www.xbrl.org/2003/role/label">Segment Reporting Disclosure [Text Block]</label>
<labelArc xlink:type="arc" xlink:arcrole="http://www.xbrl.org/2003/arcrole/concept-label" xlink:from="us-gaap_SegmentReportingDisclosureTextBlock" xlink:to="us-gaap_SegmentReportingDisclosureTextBlock_lbl" />
<label id="id_2829937_923980_2_1" xml:lang="en-US" xlink:type="resource" xlink:label="us-gaap_SegmentReportingDisclosureTextBlock_lbl" xlink:role="http://www.xbrl.org/2003/role/terseLabel">Segment Information</label>
<loc xlink:type="locator" xlink:href="http://xbrl.fasb.org/us-gaap/2016/elts/us-gaap-2016-01-31.xsd#us-gaap_SegmentReportingInformationLineItems" xlink:label="us-gaap_SegmentReportingInformationLineItems" />
<label id="id_2829937_931525_1_1" xml:lang="en-US" xlink:type="resource" xlink:label="us-gaap_SegmentReportingInformationLineItems_lbl" xlink:role="http://www.xbrl.org/2003/role/label">Segment Reporting Information [Line Items]</label>
<loc xlink:type="locator" xlink:href="http://xbrl.fasb.org/us-gaap/2016/elts/us-gaap-2016-01-31.xsd#us-gaap_StatementOfFinancialPositionAbstract" xlink:label="us-gaap_StatementOfFinancialPositionAbstract" />
<label id="id_2829937_924693_1_1" xml:lang="en-US" xlink:type="resource" xlink:label="us-gaap_StatementOfFinancialPositionAbstract_lbl" xlink:role="http://www.xbrl.org/2003/role/label">Statement Of Financial Position [Abstract]</label>
<labelArc xlink:type="arc" xlink:arcrole="http://www.xbrl.org/2003/arcrole/concept-label" xlink:from="us-gaap_StatementOfFinancialPositionAbstract" xlink:to="us-gaap_StatementOfFinancialPositionAbstract_lbl" />
<label id="id_2829937_924693_2_1" xml:lang="en-US" xlink:type="resource" xlink:label="us-gaap_StatementOfFinancialPositionAbstract_lbl" xlink:role="http://www.xbrl.org/2003/role/terseLabel">Statement of Financial Position [Abstract]</label>
<loc xlink:type="locator" xlink:href="bst-20160930.xsd#bst_DocumentAndEntityInformationAbstract" xlink:label="bst_DocumentAndEntityInformationAbstract" />
<label id="id_2829937_951207_3_1" xml:lang="en-US" xlink:type="resource" xlink:label="bst_DocumentAndEntityInformationAbstract_lbl" xlink:role="http://www.xbrl.org/2003/role/documentation">Document And Company Information [Abstract]</label>
<labelArc xlink:type="arc" xlink:arcrole="http://www.xbrl.org/2003/arcrole/concept-label" xlink:from="bst_DocumentAndEntityInformationAbstract" xlink:to="bst_DocumentAndEntityInformationAbstract_lbl" />
<label id="id_2829937_951207_1_1" xml:lang="en-US" xlink:type="resource" xlink:label="bst_DocumentAndEntityInformationAbstract_lbl" xlink:role="http://www.xbrl.org/2003/role/label">Document And Entity Information [Abstract]</label>
<label id="id_2829937_951207_2_1" xml:lang="en-US" xlink:type="resource" xlink:label="bst_DocumentAndEntityInformationAbstract_lbl" xlink:role="http://www.xbrl.org/2003/role/terseLabel">Document And Entity Information [Abstract]</label>
<loc xlink:type="locator" xlink:href="http://xbrl.fasb.org/us-gaap/2016/elts/us-gaap-2016-01-31.xsd#us-gaap_StatementOfCashFlowsAbstract" xlink:label="us-gaap_StatementOfCashFlowsAbstract" />
<label id="id_2829937_932756_1_1" xml:lang="en-US" xlink:type="resource" xlink:label="us-gaap_StatementOfCashFlowsAbstract_lbl" xlink:role="http://www.xbrl.org/2003/role/label">Statement Of Cash Flows [Abstract]</label>
<labelArc xlink:type="arc" xlink:arcrole="http://www.xbrl.org/2003/arcrole/concept-label" xlink:from="us-gaap_StatementOfCashFlowsAbstract" xlink:to="us-gaap_StatementOfCashFlowsAbstract_lbl" />
<label id="id_2829937_932756_2_1" xml:lang="en-US" xlink:type="resource" xlink:label="us-gaap_StatementOfCashFlowsAbstract_lbl" xlink:role="http://www.xbrl.org/2003/role/terseLabel">Statement of Cash Flows [Abstract]</label>
<loc xlink:type="locator" xlink:href="http://xbrl.fasb.org/us-gaap/2016/elts/us-gaap-2016-01-31.xsd#us-gaap_IncomeStatementAbstract" xlink:label="us-gaap_IncomeStatementAbstract" />
<label id="id_2829937_927850_1_1" xml:lang="en-US" xlink:type="resource" xlink:label="us-gaap_IncomeStatementAbstract_lbl" xlink:role="http://www.xbrl.org/2003/role/label">Income Statement [Abstract]</label>
<labelArc xlink:type="arc" xlink:arcrole="http://www.xbrl.org/2003/arcrole/concept-label" xlink:from="us-gaap_IncomeStatementAbstract" xlink:to="us-gaap_IncomeStatementAbstract_lbl" />
<label id="id_2829937_927850_2_1" xml:lang="en-US" xlink:type="resource" xlink:label="us-gaap_IncomeStatementAbstract_lbl" xlink:role="http://www.xbrl.org/2003/role/terseLabel">Income Statement [Abstract]</label>
<loc xlink:type="locator" xlink:href="http://xbrl.fasb.org/us-gaap/2016/elts/us-gaap-2016-01-31.xsd#us-gaap_OperatingExpensesAbstract" xlink:label="us-gaap_OperatingExpensesAbstract" />
<label id="id_2829937_927909_1_1" xml:lang="en-US" xlink:type="resource" xlink:label="us-gaap_OperatingExpensesAbstract_lbl" xlink:role="http://www.xbrl.org/2003/role/label">Operating Expenses [Abstract]</label>
<labelArc xlink:type="arc" xlink:arcrole="http://www.xbrl.org/2003/arcrole/concept-label" xlink:from="us-gaap_OperatingExpensesAbstract" xlink:to="us-gaap_OperatingExpensesAbstract_lbl" />
<label id="id_2829937_927909_2_1" xml:lang="en-US" xlink:type="resource" xlink:label="us-gaap_OperatingExpensesAbstract_lbl" xlink:role="http://www.xbrl.org/2003/role/terseLabel">Operating expenses:</label>
<loc xlink:type="locator" xlink:href="http://xbrl.fasb.org/us-gaap/2016/elts/us-gaap-2016-01-31.xsd#us-gaap_AdjustmentsToReconcileNetIncomeLossToCashProvidedByUsedInOperatingActivitiesAbstract" xlink:label="us-gaap_AdjustmentsToReconcileNetIncomeLossToCashProvidedByUsedInOperatingActivitiesAbstract" />
<label id="id_2829937_929248_1_1" xml:lang="en-US" xlink:type="resource" xlink:label="us-gaap_AdjustmentsToReconcileNetIncomeLossToCashProvidedByUsedInOperatingActivitiesAbstract_lbl" xlink:role="http://www.xbrl.org/2003/role/label">Adjustments To Reconcile Net Income Loss To Cash Provided By Used In Operating Activities [Abstract]</label>
<labelArc xlink:type="arc" xlink:arcrole="http://www.xbrl.org/2003/arcrole/concept-label" xlink:from="us-gaap_AdjustmentsToReconcileNetIncomeLossToCashProvidedByUsedInOperatingActivitiesAbstract" xlink:to="us-gaap_AdjustmentsToReconcileNetIncomeLossToCashProvidedByUsedInOperatingActivitiesAbstract_lbl" />
<label id="id_2829937_929248_2_1" xml:lang="en-US" xlink:type="resource" xlink:label="us-gaap_AdjustmentsToReconcileNetIncomeLossToCashProvidedByUsedInOperatingActivitiesAbstract_lbl" xlink:role="http://www.xbrl.org/2003/role/terseLabel">Adjustments to reconcile net income to net cash provided by operating activities:</label>
<loc xlink:type="locator" xlink:href="http://xbrl.fasb.org/us-gaap/2016/elts/us-gaap-2016-01-31.xsd#us-gaap_SegmentReportingAbstract" xlink:label="us-gaap_SegmentReportingAbstract" />
<label id="id_2829937_931851_1_1" xml:lang="en-US" xlink:type="resource" xlink:label="us-gaap_SegmentReportingAbstract_lbl" xlink:role="http://www.xbrl.org/2003/role/label">Segment Reporting [Abstract]</label>
<labelArc xlink:type="arc" xlink:arcrole="http://www.xbrl.org/2003/arcrole/concept-label" xlink:from="us-gaap_SegmentReportingAbstract" xlink:to="us-gaap_SegmentReportingAbstract_lbl" />
<label id="id_2829937_931851_2_1" xml:lang="en-US" xlink:type="resource" xlink:label="us-gaap_SegmentReportingAbstract_lbl" xlink:role="http://www.xbrl.org/2003/role/terseLabel">Segment Reporting [Abstract]</label>
<loc xlink:type="locator" xlink:href="http://xbrl.fasb.org/us-gaap/2016/elts/us-gaap-2016-01-31.xsd#us-gaap_SalesRevenueNetAbstract" xlink:label="us-gaap_SalesRevenueNetAbstract" />
<label id="id_2829937_929770_1_1" xml:lang="en-US" xlink:type="resource" xlink:label="us-gaap_SalesRevenueNetAbstract_lbl" xlink:role="http://www.xbrl.org/2003/role/label">Sales Revenue Net [Abstract]</label>
<labelArc xlink:type="arc" xlink:arcrole="http://www.xbrl.org/2003/arcrole/concept-label" xlink:from="us-gaap_SalesRevenueNetAbstract" xlink:to="us-gaap_SalesRevenueNetAbstract_lbl" />
<label id="id_2829937_929770_2_1" xml:lang="en-US" xlink:type="resource" xlink:label="us-gaap_SalesRevenueNetAbstract_lbl" xlink:role="http://www.xbrl.org/2003/role/terseLabel">Net sales:</label>
<loc xlink:type="locator" xlink:href="http://xbrl.fasb.org/us-gaap/2016/elts/us-gaap-2016-01-31.xsd#us-gaap_AccountingPoliciesAbstract" xlink:label="us-gaap_AccountingPoliciesAbstract" />
<label id="id_2829937_928978_1_1" xml:lang="en-US" xlink:type="resource" xlink:label="us-gaap_AccountingPoliciesAbstract_lbl" xlink:role="http://www.xbrl.org/2003/role/label">Accounting Policies [Abstract]</label>
<labelArc xlink:type="arc" xlink:arcrole="http://www.xbrl.org/2003/arcrole/concept-label" xlink:from="us-gaap_AccountingPoliciesAbstract" xlink:to="us-gaap_AccountingPoliciesAbstract_lbl" />
<label id="id_2829937_928978_2_1" xml:lang="en-US" xlink:type="resource" xlink:label="us-gaap_AccountingPoliciesAbstract_lbl" xlink:role="http://www.xbrl.org/2003/role/terseLabel">Accounting Policies [Abstract]</label>
<loc xlink:type="locator" xlink:href="http://xbrl.fasb.org/us-gaap/2016/elts/us-gaap-2016-01-31.xsd#us-gaap_OtherLiabilitiesCurrent" xlink:label="us-gaap_OtherLiabilitiesCurrent" />
<label id="id_2829937_936298_1_1" xml:lang="en-US" xlink:type="resource" xlink:label="us-gaap_OtherLiabilitiesCurrent_lbl" xlink:role="http://www.xbrl.org/2003/role/label">Other Liabilities Current</label>
<labelArc xlink:type="arc" xlink:arcrole="http://www.xbrl.org/2003/arcrole/concept-label" xlink:from="us-gaap_OtherLiabilitiesCurrent" xlink:to="us-gaap_OtherLiabilitiesCurrent_lbl" />
<label id="id_2829937_936298_2_1" xml:lang="en-US" xlink:type="resource" xlink:label="us-gaap_OtherLiabilitiesCurrent_lbl" xlink:role="http://www.xbrl.org/2003/role/terseLabel">Other current liabilities</label>
<loc xlink:type="locator" xlink:href="http://xbrl.fasb.org/us-gaap/2016/elts/us-gaap-2016-01-31.xsd#us-gaap_AllowanceForDoubtfulAccountsReceivableCurrent" xlink:label="us-gaap_AllowanceForDoubtfulAccountsReceivableCurrent" />
<label id="id_2829937_934891_1_1" xml:lang="en-US" xlink:type="resource" xlink:label="us-gaap_AllowanceForDoubtfulAccountsReceivableCurrent_lbl" xlink:role="http://www.xbrl.org/2003/role/label">Allowance For Doubtful Accounts Receivable Current</label>
<labelArc xlink:type="arc" xlink:arcrole="http://www.xbrl.org/2003/arcrole/concept-label" xlink:from="us-gaap_AllowanceForDoubtfulAccountsReceivableCurrent" xlink:to="us-gaap_AllowanceForDoubtfulAccountsReceivableCurrent_lbl" />
<label id="id_2829937_934891_2_1" xml:lang="en-US" xlink:type="resource" xlink:label="us-gaap_AllowanceForDoubtfulAccountsReceivableCurrent_lbl" xlink:role="http://www.xbrl.org/2003/role/terseLabel">Allowance for doubtful accounts receivable</label>
<loc xlink:type="locator" xlink:href="http://xbrl.fasb.org/us-gaap/2016/elts/us-gaap-2016-01-31.xsd#us-gaap_PreferredStockSharesIssued" xlink:label="us-gaap_PreferredStockSharesIssued" />
<label id="id_2829937_932934_1_1" xml:lang="en-US" xlink:type="resource" xlink:label="us-gaap_PreferredStockSharesIssued_lbl" xlink:role="http://www.xbrl.org/2003/role/label">Preferred Stock Shares Issued</label>
<labelArc xlink:type="arc" xlink:arcrole="http://www.xbrl.org/2003/arcrole/concept-label" xlink:from="us-gaap_PreferredStockSharesIssued" xlink:to="us-gaap_PreferredStockSharesIssued_lbl" />
<label id="id_2829937_932934_2_1" xml:lang="en-US" xlink:type="resource" xlink:label="us-gaap_PreferredStockSharesIssued_lbl" xlink:role="http://www.xbrl.org/2003/role/terseLabel">Preferred stock, shares issued</label>
<loc xlink:type="locator" xlink:href="http://xbrl.fasb.org/us-gaap/2016/elts/us-gaap-2016-01-31.xsd#us-gaap_StatementBusinessSegmentsAxis" xlink:label="us-gaap_StatementBusinessSegmentsAxis" />
<label id="id_2829937_925274_1_1" xml:lang="en-US" xlink:type="resource" xlink:label="us-gaap_StatementBusinessSegmentsAxis_lbl" xlink:role="http://www.xbrl.org/2003/role/label">Statement Business Segments [Axis]</label>
<labelArc xlink:type="arc" xlink:arcrole="http://www.xbrl.org/2003/arcrole/concept-label" xlink:from="us-gaap_StatementBusinessSegmentsAxis" xlink:to="us-gaap_StatementBusinessSegmentsAxis_lbl" />
<label id="id_2829937_925274_2_1" xml:lang="en-US" xlink:type="resource" xlink:label="us-gaap_StatementBusinessSegmentsAxis_lbl" xlink:role="http://www.xbrl.org/2003/role/terseLabel">Segments [Axis]</label>
<loc xlink:type="locator" xlink:href="http://xbrl.fasb.org/us-gaap/2016/elts/us-gaap-2016-01-31.xsd#us-gaap_SegmentDomain" xlink:label="us-gaap_SegmentDomain" />
<label id="id_2829937_932004_1_1" xml:lang="en-US" xlink:type="resource" xlink:label="us-gaap_SegmentDomain_lbl" xlink:role="http://www.xbrl.org/2003/role/label">Segment [Domain]</label>
<labelArc xlink:type="arc" xlink:arcrole="http://www.xbrl.org/2003/arcrole/concept-label" xlink:from="us-gaap_SegmentDomain" xlink:to="us-gaap_SegmentDomain_lbl" />
<label id="id_2829937_932004_2_1" xml:lang="en-US" xlink:type="resource" xlink:label="us-gaap_SegmentDomain_lbl" xlink:role="http://www.xbrl.org/2003/role/terseLabel">Segments [Domain]</label>
<loc xlink:type="locator" xlink:href="http://xbrl.fasb.org/us-gaap/2016/elts/us-gaap-2016-01-31.xsd#us-gaap_MainlineMember" xlink:label="us-gaap_MainlineMember" />
<labelArc xlink:type="arc" xlink:arcrole="http://www.xbrl.org/2003/arcrole/concept-label" xlink:from="us-gaap_MainlineMember" xlink:to="us-gaap_MainlineMember_lbl" />
<label id="id_2829937_1002339_1_1" xml:lang="en-US" xlink:type="resource" xlink:label="us-gaap_MainlineMember_lbl" xlink:role="http://www.xbrl.org/2003/role/label">Mainline [Member]</label>
<label id="id_2829937_1002339_2_1" xml:lang="en-US" xlink:type="resource" xlink:label="us-gaap_MainlineMember_lbl" xlink:role="http://www.xbrl.org/2003/role/terseLabel">Mainline [Member]</label>
<loc xlink:type="locator" xlink:href="http://xbrl.fasb.org/us-gaap/2016/elts/us-gaap-2016-01-31.xsd#us-gaap_RegionalCarrierMember" xlink:label="us-gaap_RegionalCarrierMember" />
<labelArc xlink:type="arc" xlink:arcrole="http://www.xbrl.org/2003/arcrole/concept-label" xlink:from="us-gaap_RegionalCarrierMember" xlink:to="us-gaap_RegionalCarrierMember_lbl" />
<label id="id_2829937_1146387_1_1" xml:lang="en-US" xlink:type="resource" xlink:label="us-gaap_RegionalCarrierMember_lbl" xlink:role="http://www.xbrl.org/2003/role/label">Regional [Member]</label>
<label id="id_2829937_1146387_2_1" xml:lang="en-US" xlink:type="resource" xlink:label="us-gaap_RegionalCarrierMember_lbl" xlink:role="http://www.xbrl.org/2003/role/terseLabel">Regional [Member]</label>
<loc xlink:type="locator" xlink:href="bst-20160930.xsd#bst_CargoMember" xlink:label="bst_CargoMember" />
<label id="id_2829937_954815_3_1" xml:lang="en-US" xlink:type="resource" xlink:label="bst_CargoMember_lbl" xlink:role="http://www.xbrl.org/2003/role/documentation">Cargo.</label>
<labelArc xlink:type="arc" xlink:arcrole="http://www.xbrl.org/2003/arcrole/concept-label" xlink:from="bst_CargoMember" xlink:to="bst_CargoMember_lbl" />
<label id="id_2829937_954815_1_1" xml:lang="en-US" xlink:type="resource" xlink:label="bst_CargoMember_lbl" xlink:role="http://www.xbrl.org/2003/role/label">Cargo [Member]</label>
<label id="id_2829937_954815_2_1" xml:lang="en-US" xlink:type="resource" xlink:label="bst_CargoMember_lbl" xlink:role="http://www.xbrl.org/2003/role/terseLabel">Cargo [Member]</label>
<loc xlink:type="locator" xlink:href="bst-20160930.xsd#bst_HeavyEquipmentMember" xlink:label="bst_HeavyEquipmentMember" />
<label id="id_2829937_969473_3_1" xml:lang="en-US" xlink:type="resource" xlink:label="bst_HeavyEquipmentMember_lbl" xlink:role="http://www.xbrl.org/2003/role/documentation">Heavy equipment.</label>
<labelArc xlink:type="arc" xlink:arcrole="http://www.xbrl.org/2003/arcrole/concept-label" xlink:from="bst_HeavyEquipmentMember" xlink:to="bst_HeavyEquipmentMember_lbl" />
<label id="id_2829937_969473_1_1" xml:lang="en-US" xlink:type="resource" xlink:label="bst_HeavyEquipmentMember_lbl" xlink:role="http://www.xbrl.org/2003/role/label">Heavy Equipment [Member]</label>
<label id="id_2829937_969473_2_1" xml:lang="en-US" xlink:type="resource" xlink:label="bst_HeavyEquipmentMember_lbl" xlink:role="http://www.xbrl.org/2003/role/terseLabel">Heavy Equipment [Member]</label>
<loc xlink:type="locator" xlink:href="bst-20160930.xsd#bst_OtherMember" xlink:label="bst_OtherMember" />
<label id="id_2829937_1099069_3_1" xml:lang="en-US" xlink:type="resource" xlink:label="bst_OtherMember_lbl" xlink:role="http://www.xbrl.org/2003/role/documentation">Other.</label>
<labelArc xlink:type="arc" xlink:arcrole="http://www.xbrl.org/2003/arcrole/concept-label" xlink:from="bst_OtherMember" xlink:to="bst_OtherMember_lbl" />
<label id="id_2829937_1099069_1_1" xml:lang="en-US" xlink:type="resource" xlink:label="bst_OtherMember_lbl" xlink:role="http://www.xbrl.org/2003/role/label">Other [Member]</label>
<label id="id_2829937_1099069_2_1" xml:lang="en-US" xlink:type="resource" xlink:label="bst_OtherMember_lbl" xlink:role="http://www.xbrl.org/2003/role/terseLabel">Other [Member]</label>
<labelArc xlink:type="arc" xlink:arcrole="http://www.xbrl.org/2003/arcrole/concept-label" xlink:from="us-gaap_SegmentReportingInformationLineItems" xlink:to="us-gaap_SegmentReportingInformationLineItems_lbl" />
<label id="id_2829937_931525_2_1" xml:lang="en-US" xlink:type="resource" xlink:label="us-gaap_SegmentReportingInformationLineItems_lbl" xlink:role="http://www.xbrl.org/2003/role/terseLabel">Segment Reporting Information [Line Items]</label>
<loc xlink:type="locator" xlink:href="http://xbrl.fasb.org/us-gaap/2016/elts/us-gaap-2016-01-31.xsd#us-gaap_InterestRevenueExpenseNet" xlink:label="us-gaap_InterestRevenueExpenseNet" />
<label id="id_2829937_933895_1_1" xml:lang="en-US" xlink:type="resource" xlink:label="us-gaap_InterestRevenueExpenseNet_lbl" xlink:role="http://www.xbrl.org/2003/role/label">Interest Revenue Expense Net</label>
<labelArc xlink:type="arc" xlink:arcrole="http://www.xbrl.org/2003/arcrole/concept-label" xlink:from="us-gaap_InterestRevenueExpenseNet" xlink:to="us-gaap_InterestRevenueExpenseNet_lbl" />
<label id="id_2829937_933895_2_1" xml:lang="en-US" xlink:type="resource" xlink:label="us-gaap_InterestRevenueExpenseNet_lbl" xlink:role="http://www.xbrl.org/2003/role/terseLabel">Interest expense, net</label>
<loc xlink:type="locator" xlink:href="http://xbrl.fasb.org/us-gaap/2016/elts/us-gaap-2016-01-31.xsd#us-gaap_AmortizationOfIntangibleAssets" xlink:label="us-gaap_AmortizationOfIntangibleAssets" />
<label id="id_2829937_940090_1_1" xml:lang="en-US" xlink:type="resource" xlink:label="us-gaap_AmortizationOfIntangibleAssets_lbl" xlink:role="http://www.xbrl.org/2003/role/label">Amortization Of Intangible Assets</label>
<labelArc xlink:type="arc" xlink:arcrole="http://www.xbrl.org/2003/arcrole/concept-label" xlink:from="us-gaap_AmortizationOfIntangibleAssets" xlink:to="us-gaap_AmortizationOfIntangibleAssets_lbl" />
<label id="id_2829937_940090_14_1" xml:lang="en-US" xlink:type="resource" xlink:label="us-gaap_AmortizationOfIntangibleAssets_lbl" xlink:role="http://www.xbrl.org/2009/role/negatedLabel">Other intangible assets amortization</label>
<loc xlink:type="locator" xlink:href="http://xbrl.fasb.org/us-gaap/2016/elts/us-gaap-2016-01-31.xsd#us-gaap_OtherNoninterestExpense" xlink:label="us-gaap_OtherNoninterestExpense" />
<label id="id_2829937_938131_1_1" xml:lang="en-US" xlink:type="resource" xlink:label="us-gaap_OtherNoninterestExpense_lbl" xlink:role="http://www.xbrl.org/2003/role/label">Other Noninterest Expense</label>
<labelArc xlink:type="arc" xlink:arcrole="http://www.xbrl.org/2003/arcrole/concept-label" xlink:from="us-gaap_OtherNoninterestExpense" xlink:to="us-gaap_OtherNoninterestExpense_lbl" />
<label id="id_2829937_938131_14_1" xml:lang="en-US" xlink:type="resource" xlink:label="us-gaap_OtherNoninterestExpense_lbl" xlink:role="http://www.xbrl.org/2009/role/negatedLabel">Other, net</label>
<loc xlink:type="locator" xlink:href="http://xbrl.fasb.org/us-gaap/2016/elts/us-gaap-2016-01-31.xsd#us-gaap_ScheduleOfSegmentReportingInformationBySegmentTable" xlink:label="us-gaap_ScheduleOfSegmentReportingInformationBySegmentTable" />
<label id="id_2829937_931852_1_1" xml:lang="en-US" xlink:type="resource" xlink:label="us-gaap_ScheduleOfSegmentReportingInformationBySegmentTable_lbl" xlink:role="http://www.xbrl.org/2003/role/label">Schedule Of Segment Reporting Information By Segment [Table]</label>
<labelArc xlink:type="arc" xlink:arcrole="http://www.xbrl.org/2003/arcrole/concept-label" xlink:from="us-gaap_ScheduleOfSegmentReportingInformationBySegmentTable" xlink:to="us-gaap_ScheduleOfSegmentReportingInformationBySegmentTable_lbl" />
<label id="id_2829937_931852_2_1" xml:lang="en-US" xlink:type="resource" xlink:label="us-gaap_ScheduleOfSegmentReportingInformationBySegmentTable_lbl" xlink:role="http://www.xbrl.org/2003/role/terseLabel">Schedule of Segment Reporting Information, by Segment [Table]</label>
<loc xlink:type="locator" xlink:href="http://xbrl.fasb.org/us-gaap/2016/elts/us-gaap-2016-01-31.xsd#us-gaap_NetCashProvidedByUsedInFinancingActivities" xlink:label="us-gaap_NetCashProvidedByUsedInFinancingActivities" />
<label id="id_2829937_937453_1_1" xml:lang="en-US" xlink:type="resource" xlink:label="us-gaap_NetCashProvidedByUsedInFinancingActivities_lbl" xlink:role="http://www.xbrl.org/2003/role/label">Net Cash Provided By Used In Financing Activities</label>
<labelArc xlink:type="arc" xlink:arcrole="http://www.xbrl.org/2003/arcrole/concept-label" xlink:from="us-gaap_NetCashProvidedByUsedInFinancingActivities" xlink:to="us-gaap_NetCashProvidedByUsedInFinancingActivities_lbl" />
<label id="id_2829937_937453_6_1" xml:lang="en-US" xlink:type="resource" xlink:label="us-gaap_NetCashProvidedByUsedInFinancingActivities_lbl" xlink:role="http://www.xbrl.org/2003/role/totalLabel">NET CASH USED IN FINANCING ACTIVITIES</label>
<loc xlink:type="locator" xlink:href="http://xbrl.fasb.org/us-gaap/2016/elts/us-gaap-2016-01-31.xsd#us-gaap_NetCashProvidedByUsedInFinancingActivitiesAbstract" xlink:label="us-gaap_NetCashProvidedByUsedInFinancingActivitiesAbstract" />
<label id="id_2829937_924600_1_1" xml:lang="en-US" xlink:type="resource" xlink:label="us-gaap_NetCashProvidedByUsedInFinancingActivitiesAbstract_lbl" xlink:role="http://www.xbrl.org/2003/role/label">Net Cash Provided By Used In Financing Activities [Abstract]</label>
<labelArc xlink:type="arc" xlink:arcrole="http://www.xbrl.org/2003/arcrole/concept-label" xlink:from="us-gaap_NetCashProvidedByUsedInFinancingActivitiesAbstract" xlink:to="us-gaap_NetCashProvidedByUsedInFinancingActivitiesAbstract_lbl" />
<label id="id_2829937_924600_2_1" xml:lang="en-US" xlink:type="resource" xlink:label="us-gaap_NetCashProvidedByUsedInFinancingActivitiesAbstract_lbl" xlink:role="http://www.xbrl.org/2003/role/terseLabel">FINANCING ACTIVITIES:</label>
<loc xlink:type="locator" xlink:href="http://xbrl.fasb.org/us-gaap/2016/elts/us-gaap-2016-01-31.xsd#us-gaap_WeightedAverageNumberDilutedSharesOutstandingAdjustment" xlink:label="us-gaap_WeightedAverageNumberDilutedSharesOutstandingAdjustment" />
<label id="id_2829937_925122_1_1" xml:lang="en-US" xlink:type="resource" xlink:label="us-gaap_WeightedAverageNumberDilutedSharesOutstandingAdjustment_lbl" xlink:role="http://www.xbrl.org/2003/role/label">Weighted Average Number Diluted Shares Outstanding Adjustment</label>
<labelArc xlink:type="arc" xlink:arcrole="http://www.xbrl.org/2003/arcrole/concept-label" xlink:from="us-gaap_WeightedAverageNumberDilutedSharesOutstandingAdjustment" xlink:to="us-gaap_WeightedAverageNumberDilutedSharesOutstandingAdjustment_lbl" />
<label id="id_2829937_925122_2_1" xml:lang="en-US" xlink:type="resource" xlink:label="us-gaap_WeightedAverageNumberDilutedSharesOutstandingAdjustment_lbl" xlink:role="http://www.xbrl.org/2003/role/terseLabel">Dilutive effect of stock options and non-vested restricted stock awards</label>
<loc xlink:type="locator" xlink:href="http://xbrl.fasb.org/us-gaap/2016/elts/us-gaap-2016-01-31.xsd#us-gaap_WeightedAverageNumberOfDilutedSharesOutstanding" xlink:label="us-gaap_WeightedAverageNumberOfDilutedSharesOutstanding" />
<label id="id_2829937_929799_1_1" xml:lang="en-US" xlink:type="resource" xlink:label="us-gaap_WeightedAverageNumberOfDilutedSharesOutstanding_lbl" xlink:role="http://www.xbrl.org/2003/role/label">Weighted Average Number Of Shares Outstanding, Diluted</label>
<labelArc xlink:type="arc" xlink:arcrole="http://www.xbrl.org/2003/arcrole/concept-label" xlink:from="us-gaap_WeightedAverageNumberOfDilutedSharesOutstanding" xlink:to="us-gaap_WeightedAverageNumberOfDilutedSharesOutstanding_lbl" />
<label id="id_2829937_929799_2_1" xml:lang="en-US" xlink:type="resource" xlink:label="us-gaap_WeightedAverageNumberOfDilutedSharesOutstanding_lbl" xlink:role="http://www.xbrl.org/2003/role/totalLabel">Weighted average diluted shares outstanding</label>
</labelLink>
</linkbase>
